date,sku,data_source,total_units,total_revenue
2026-01-25,10277303,Blinkit,12,13800
2026-01-18,10277303,Blinkit,16,18400
2026-01-17,10197348,Blinkit,1,899
2026-01-31,10197348,Blinkit,1,899
2026-01-01,10197348,Blinkit,1,899
2026-01-30,10235296,Blinkit,21,18858
2026-01-20,10163011,Blinkit,1,1970
2026-01-31,10277299,Blinkit,14,16100
2026-01-05,10163015,Blinkit,19,22781
2026-01-23,10163015,Blinkit,12,14388
2026-01-11,10266546,Blinkit,25,24975
2026-01-06,10266546,Blinkit,14,13986
2026-01-27,10197331,Blinkit,26,23374
2026-01-29,10197331,Blinkit,17,15283
2026-01-14,10163019,Blinkit,51,40749
2026-01-17,10274128,Blinkit,5,4995
2026-01-16,10274128,Blinkit,6,5994
2026-01-30,10197348,Blinkit,1,899
2026-01-07,10235296,Blinkit,12,10776
2026-01-23,10277299,Blinkit,9,10350
2026-01-24,10163015,Blinkit,32,38368
2026-01-30,10163015,Blinkit,21,25179
2026-01-10,10266546,Blinkit,10,9990
2026-01-08,10266546,Blinkit,12,11988
2026-01-30,10163019,Blinkit,55,43945
2026-01-27,10163019,Blinkit,45,35955
2026-01-01,10163019,Blinkit,54,43146
2026-01-23,10274128,Blinkit,12,11988
2026-01-31,10274128,Blinkit,35,34965
2026-01-29,10274128,Blinkit,17,16983
2026-01-24,10163020,Blinkit,108,93462
2026-01-04,10197348,Blinkit,1,899
2026-01-17,10277303,Blinkit,21,24150
2026-01-22,10277303,Blinkit,23,26450
2026-01-28,10277303,Blinkit,4,4600
2026-01-26,10235296,Blinkit,30,26940
2026-01-17,10277299,Blinkit,34,39100
2026-01-25,10277299,Blinkit,19,21850
2026-01-27,10163015,Blinkit,17,20383
2026-01-25,10266546,Blinkit,22,21978
2026-01-19,10266546,Blinkit,10,9990
2026-01-03,10197331,Blinkit,22,19778
2026-01-04,10197331,Blinkit,20,17980
2026-01-18,10163019,Blinkit,85,67915
2026-01-26,10163019,Blinkit,99,79101
2026-01-15,10274128,Blinkit,4,3996
2026-01-19,10163020,Blinkit,70,60655
2026-01-15,10163020,Blinkit,105,90825
2026-01-03,10163020,Blinkit,147,132048
2026-01-13,10163020,Blinkit,91,79009
2026-01-20,10163020,Blinkit,90,77640
2026-01-30,10163020,Blinkit,92,79013
2026-01-03,10197348,Blinkit,4,3596
2026-01-15,10277303,Blinkit,11,12650
2026-01-03,10235296,Blinkit,21,18858
2026-01-07,10163015,Blinkit,27,32373
2026-01-28,10163015,Blinkit,19,22781
2026-01-15,10163015,Blinkit,20,23980
2026-01-18,10163015,Blinkit,26,31174
2026-01-12,10266546,Blinkit,12,11988
2026-01-27,10266546,Blinkit,22,21978
2026-01-19,10197331,Blinkit,13,11687
2026-01-10,10163019,Blinkit,86,68714
2026-01-28,10274128,Blinkit,19,18981
2026-01-26,10274128,Blinkit,20,19980
2026-01-31,10163020,Blinkit,135,116355
2026-01-26,10277303,Blinkit,13,14950
2026-01-26,10197348,Blinkit,2,1798
2026-01-31,10235296,Blinkit,28,25144
2026-01-17,10235296,Blinkit,18,16164
2026-01-23,10235296,Blinkit,12,10776
2026-01-30,10163011,Blinkit,1,1970
2026-01-11,10163011,Blinkit,2,3940
2026-01-26,10163015,Blinkit,41,49159
2026-01-21,10163015,Blinkit,29,34771
2026-01-17,10266546,Blinkit,18,17982
2026-01-07,10197331,Blinkit,22,19778
2026-01-20,10163019,Blinkit,55,43945
2026-01-17,10163019,Blinkit,77,61523
2026-01-10,10197348,Blinkit,4,3596
2026-01-21,10197348,Blinkit,1,899
2026-01-11,10235296,Blinkit,19,17062
2026-01-29,10235296,Blinkit,15,13470
2026-01-01,10235296,Blinkit,16,14368
2026-01-12,10235296,Blinkit,13,11674
2026-01-15,10277299,Blinkit,20,23000
2026-01-07,10266546,Blinkit,19,18981
2026-01-04,10266546,Blinkit,24,23976
2026-01-16,10197331,Blinkit,19,17081
2026-01-05,10197331,Blinkit,17,15283
2026-01-31,10163019,Blinkit,51,40749
2026-01-29,10163019,Blinkit,51,40749
2026-01-17,10163020,Blinkit,127,110968
2026-01-07,10163020,Blinkit,107,95453
2026-01-16,10163020,Blinkit,56,48209
2026-01-29,10163020,Blinkit,73,62767
2026-01-09,10197348,Blinkit,1,899
2026-01-23,10197348,Blinkit,1,899
2026-01-10,10235296,Blinkit,25,22450
2026-01-17,10163011,Blinkit,1,1970
2026-01-07,10163011,Blinkit,1,1970
2026-01-01,10163011,Blinkit,1,1970
2026-01-20,10277299,Blinkit,22,25300
2026-01-29,10277299,Blinkit,17,19550
2026-01-03,10163015,Blinkit,32,38368
2026-01-01,10163015,Blinkit,21,25179
2026-01-01,10266546,Blinkit,13,12987
2026-01-14,10197331,Blinkit,14,12586
2026-01-30,10197331,Blinkit,15,13485
2026-01-28,10197331,Blinkit,21,18879
2026-01-08,10197331,Blinkit,15,13485
2026-01-16,10163019,Blinkit,54,43146
2026-01-28,10163019,Blinkit,65,51935
2026-01-12,10163020,Blinkit,94,82696
2026-01-30,10277303,Blinkit,8,9200
2026-01-24,10277303,Blinkit,13,14950
2026-01-20,10235296,Blinkit,15,13470
2026-01-21,10235296,Blinkit,13,11674
2026-01-22,10277299,Blinkit,19,21850
2026-01-24,10277299,Blinkit,13,14950
2026-01-02,10163015,Blinkit,23,27577
2026-01-08,10163015,Blinkit,19,22781
2026-01-16,10163015,Blinkit,23,27577
2026-01-31,10266546,Blinkit,19,18981
2026-01-26,10266546,Blinkit,15,14985
2026-01-21,10266546,Blinkit,20,19980
2026-01-30,10266546,Blinkit,22,21978
2026-01-18,10197331,Blinkit,17,15283
2026-01-22,10197331,Blinkit,23,20677
2026-01-12,10163019,Blinkit,62,49538
2026-01-04,10163019,Blinkit,93,74307
2026-01-15,10163019,Blinkit,59,47141
2026-01-30,10274128,Blinkit,33,32967
2026-01-21,10163020,Blinkit,93,80487
2026-01-10,10163020,Blinkit,147,130158
2026-01-31,10277303,Blinkit,10,11500
2026-01-16,10235296,Blinkit,25,22450
2026-01-21,10277299,Blinkit,20,23000
2026-01-28,10277299,Blinkit,10,11500
2026-01-19,10277299,Blinkit,21,24150
2026-01-26,10277299,Blinkit,15,17250
2026-01-22,10163015,Blinkit,25,29975
2026-01-10,10163015,Blinkit,28,33572
2026-01-29,10163015,Blinkit,22,26378
2026-01-15,10266546,Blinkit,17,16983
2026-01-07,10163019,Blinkit,67,53533
2026-01-25,10163019,Blinkit,71,56729
2026-01-23,10163019,Blinkit,68,54332
2026-01-21,10163019,Blinkit,50,39950
2026-01-20,10274128,Blinkit,8,7992
2026-01-21,10277303,Blinkit,14,16100
2026-01-18,10197348,Blinkit,3,2697
2026-01-14,10277303,Blinkit,3,3450
2026-01-27,10277303,Blinkit,4,4600
2026-01-20,10197348,Blinkit,1,899
2026-01-15,10163011,Blinkit,1,1970
2026-01-19,10163015,Blinkit,21,25179
2026-01-23,10266546,Blinkit,18,17982
2026-01-22,10266546,Blinkit,21,20979
2026-01-24,10266546,Blinkit,20,19980
2026-01-15,10197331,Blinkit,14,12586
2026-01-11,10197331,Blinkit,22,19778
2026-01-06,10197331,Blinkit,21,18879
2026-01-09,10197331,Blinkit,12,10788
2026-01-09,10163019,Blinkit,57,45543
2026-01-03,10163019,Blinkit,72,57528
2026-01-18,10274128,Blinkit,11,10989
2026-01-04,10163020,Blinkit,175,156835
2026-01-02,10163020,Blinkit,77,68453
2026-01-18,10163020,Blinkit,139,120466
2026-01-23,10163020,Blinkit,76,66034
2026-01-23,10277303,Blinkit,12,13800
2026-01-05,10197348,Blinkit,1,899
2026-01-02,10235296,Blinkit,20,17960
2026-01-08,10235296,Blinkit,7,6286
2026-01-15,10235296,Blinkit,13,11674
2026-01-25,10163011,Blinkit,1,1970
2026-01-18,10277299,Blinkit,32,36800
2026-01-13,10163015,Blinkit,19,22781
2026-01-09,10266546,Blinkit,14,13986
2026-01-13,10266546,Blinkit,19,18981
2026-01-03,10266546,Blinkit,20,19980
2026-01-18,10266546,Blinkit,9,8991
2026-01-02,10197331,Blinkit,21,18879
2026-01-13,10163019,Blinkit,68,54332
2026-01-24,10163019,Blinkit,99,79101
2026-01-25,10163020,Blinkit,110,94520
2026-01-09,10163020,Blinkit,122,107063
2026-01-29,10197348,Blinkit,1,899
2026-01-13,10197348,Blinkit,2,1798
2026-01-27,10235296,Blinkit,17,15266
2026-01-22,10235296,Blinkit,15,13470
2026-01-31,10163011,Blinkit,1,1970
2026-01-27,10163011,Blinkit,1,1970
2026-01-14,10163011,Blinkit,1,1970
2026-01-24,10163011,Blinkit,1,1970
2026-01-14,10277299,Blinkit,6,6900
2026-01-20,10163015,Blinkit,26,31174
2026-01-28,10266546,Blinkit,21,20979
2026-01-16,10266546,Blinkit,20,19980
2026-01-23,10197331,Blinkit,18,16182
2026-01-25,10197331,Blinkit,30,26970
2026-01-01,10197331,Blinkit,17,15283
2026-01-31,10197331,Blinkit,19,17081
2026-01-11,10163019,Blinkit,120,95880
2026-01-19,10163019,Blinkit,54,43146
2026-01-19,10274128,Blinkit,5,4995
2026-01-28,10163020,Blinkit,73,63502
2026-01-27,10163020,Blinkit,69,60651
2026-01-11,10197348,Blinkit,3,2697
2026-01-28,10197348,Blinkit,1,899
2026-01-07,10197348,Blinkit,1,899
2026-01-24,10235296,Blinkit,24,21552
2026-01-14,10235296,Blinkit,19,17062
2026-01-06,10235296,Blinkit,10,8980
2026-01-03,10163011,Blinkit,1,1970
2026-01-27,10277299,Blinkit,12,13800
2026-01-11,10163015,Blinkit,34,40766
2026-01-12,10163015,Blinkit,33,39567
2026-01-20,10266546,Blinkit,18,17982
2026-01-14,10266546,Blinkit,21,20979
2026-01-17,10197331,Blinkit,22,19778
2026-01-10,10197331,Blinkit,20,17980
2026-01-22,10163019,Blinkit,76,60724
2026-01-05,10163019,Blinkit,55,43945
2026-01-02,10163019,Blinkit,37,29563
2026-01-27,10274128,Blinkit,16,15984
2026-01-01,10163020,Blinkit,74,65396
2026-01-06,10163020,Blinkit,93,83742
2026-01-16,10277303,Blinkit,12,13800
2026-01-29,10277303,Blinkit,8,9200
2026-01-06,10197348,Blinkit,3,2697
2026-01-04,10235296,Blinkit,24,21552
2026-01-19,10235296,Blinkit,11,9878
2026-01-05,10235296,Blinkit,11,9878
2026-01-30,10277299,Blinkit,10,11500
2026-01-04,10163015,Blinkit,31,37169
2026-01-21,10197331,Blinkit,23,20677
2026-01-14,10163020,Blinkit,108,92937
2026-01-08,10163020,Blinkit,87,77523
2026-01-20,10277303,Blinkit,13,14950
2026-01-02,10197348,Blinkit,4,3596
2026-01-19,10197348,Blinkit,1,899
2026-01-09,10235296,Blinkit,16,14368
2026-01-28,10235296,Blinkit,17,15266
2026-01-16,10277299,Blinkit,18,20700
2026-01-06,10163015,Blinkit,17,20383
2026-01-14,10163015,Blinkit,21,25179
2026-01-31,10163015,Blinkit,29,34771
2026-01-29,10266546,Blinkit,29,28971
2026-01-13,10197331,Blinkit,10,8990
2026-01-20,10197331,Blinkit,16,14384
2026-01-08,10163019,Blinkit,68,54332
2026-01-06,10163019,Blinkit,48,38352
2026-01-24,10274128,Blinkit,23,22977
2026-01-22,10163020,Blinkit,110,95780
2026-01-26,10163020,Blinkit,110,95150
2026-01-25,10197348,Blinkit,2,1798
2026-01-19,10277303,Blinkit,8,9200
2026-01-14,10197348,Blinkit,2,1798
2026-01-18,10235296,Blinkit,17,15266
2026-01-25,10235296,Blinkit,29,26042
2026-01-13,10235296,Blinkit,11,9878
2026-01-29,10163011,Blinkit,1,1970
2026-01-22,10163011,Blinkit,2,3940
2026-01-17,10163015,Blinkit,29,34771
2026-01-25,10163015,Blinkit,32,38368
2026-01-09,10163015,Blinkit,21,25179
2026-01-02,10266546,Blinkit,16,15984
2026-01-05,10266546,Blinkit,13,12987
2026-01-24,10197331,Blinkit,31,27869
2026-01-12,10197331,Blinkit,14,12586
2026-01-26,10197331,Blinkit,24,21576
2026-01-25,10274128,Blinkit,12,11988
2026-01-22,10274128,Blinkit,7,6993
2026-01-21,10274128,Blinkit,1,999
2026-01-05,10163020,Blinkit,86,76784
2026-01-11,10163020,Blinkit,127,111598
2026-01-31,INDEW00000044,Nykaa,96,90696.22
2026-01-30,INDEW00000011,Nykaa,91,129151.14
2026-01-30,INDEW00000020,Nykaa,6,9746.23
2026-01-29,INDEW00000024,Nykaa,13,5947.61
2026-01-29,INDEW00000026,Nykaa,22,16949.83
2026-01-28,INDEW00000014,Nykaa,60,40180.17
2026-01-27,INDEW00000049,Nykaa,31,30657.11
2026-01-25,INDEW00000035,Nykaa,9,13079.48
2026-01-24,INDEW00000036,Nykaa,22,16101.42
2026-01-24,INDEW00000044,Nykaa,100,91774.13
2026-01-23,INDEW00000010,Nykaa,67,65282.28
2026-01-22,INDEW00000035,Nykaa,4,6165.35
2026-01-20,INDEW00000043,Nykaa,74,70812.39
2026-01-20,INDEW00000042,Nykaa,2,2642.65
2026-01-19,INDEW00000042,Nykaa,3,4117.91
2026-01-19,INDEW00000023,Nykaa,65,23842.58
2026-01-19,INDEW00000014,Nykaa,64,41800.13
2026-01-18,INDEW00000023,Nykaa,74,26217.05
2026-01-18,INDEW00000026,Nykaa,33,24085.6
2026-01-18,INDEW00000020,Nykaa,7,11094.57
2026-01-15,INDEW00000011,Nykaa,58,103229.48
2026-01-13,INDEW00000015,Nykaa,4,7424.14
2026-01-10,INDEW00000043,Nykaa,59,56545.49
2026-01-10,INDEW00000034,Nykaa,31,24431.34
2026-01-10,INDEW00000024,Nykaa,11,5058.92
2026-01-07,INDEW00000044,Nykaa,92,95570.26
2026-01-07,INDEW00000049,Nykaa,30,29451.39
2026-01-06,INDEW00000020,Nykaa,5,9547.81
2026-01-06,INDEW00000014,Nykaa,78,57827.15
2026-01-04,INDEW00000026,Nykaa,24,19182.42
2026-01-03,INDEW00000011,Nykaa,66,114199.92
2026-01-02,INDEW00000042,Nykaa,4,6163.29
2026-01-01,INDEW00000022,Nykaa,1,839.52
2026-01-31,INDEW00000043,Nykaa,74,68417.16
2026-01-29,INDEW00000015,Nykaa,12,20421.65
2026-01-29,INDEW00000035,Nykaa,6,10617.82
2026-01-27,INDEW00000003,Nykaa,167,130946.77
2026-01-26,INDEW00000044,Nykaa,131,122429.72
2026-01-26,INDEW00000011,Nykaa,118,182240.58
2026-01-26,INDEW00000018,Nykaa,9,6235.99
2026-01-25,INDEW00000015,Nykaa,8,11154.49
2026-01-25,INDEW00000023,Nykaa,75,26656.88
2026-01-25,INDEW00000014,Nykaa,97,61521.61
2026-01-25,INDEW00000003,Nykaa,283,202066.97
2026-01-24,INDEW00000020,Nykaa,6,9991.86
2026-01-24,INDEW00000022,Nykaa,1,764
2026-01-24,INDEW00000049,Nykaa,53,42854.96
2026-01-23,INDEW00000034,Nykaa,41,29512.37
2026-01-23,INDEW00000020,Nykaa,7,10844.22
2026-01-23,INDEW00000023,Nykaa,43,15357.05
2026-01-22,INDEW00000011,Nykaa,71,106553.26
2026-01-20,INDEW00000036,Nykaa,13,9593.5
2026-01-20,INDEW00000024,Nykaa,10,4735.78
2026-01-19,INDEW00000020,Nykaa,4,6777.13
2026-01-18,INDEW00000014,Nykaa,98,63451.87
2026-01-18,INDEW00000035,Nykaa,4,5943.51
2026-01-18,INDEW00000049,Nykaa,29,26274.94
2026-01-17,INDEW00000036,Nykaa,13,9506.52
2026-01-17,INDEW00000035,Nykaa,5,7620.97
2026-01-16,INDEW00000014,Nykaa,59,40603.65
2026-01-15,INDEW00000042,Nykaa,2,3146
2026-01-14,INDEW00000018,Nykaa,8,6314.6
2026-01-13,INDEW00000034,Nykaa,30,24327.95
2026-01-11,INDEW00000043,Nykaa,83,79342.61
2026-01-11,INDEW00000020,Nykaa,6,9951.619999999999
2026-01-11,INDEW00000049,Nykaa,24,23816.39
2026-01-10,INDEW00000003,Nykaa,205,160611.63999999998
2026-01-09,INDEW00000026,Nykaa,21,17846.49
2026-01-08,INDEW00000043,Nykaa,79,77327.1
2026-01-08,INDEW00000011,Nykaa,56,102742.51
2026-01-07,INDEW00000042,Nykaa,4,6247.48
2026-01-05,INDEW00000011,Nykaa,77,133616.01
2026-01-05,INDEW00000018,Nykaa,10,7547.49
2026-01-04,INDEW00000019,Nykaa,12,9041.36
2026-01-03,INDEW00000026,Nykaa,35,27979.21
2026-01-03,INDEW00000036,Nykaa,15,12289.45
2026-01-01,INDEW00000023,Nykaa,88,32328.49
2026-01-31,INDEW00000020,Nykaa,8,12210.85
2026-01-31,INDEW00000036,Nykaa,14,10035.7
2026-01-29,INDEW00000003,Nykaa,190,146033.21
2026-01-29,INDEW00000019,Nykaa,9,6651.47
2026-01-28,INDEW00000020,Nykaa,3,4811.76
2026-01-25,INDEW00000020,Nykaa,7,10787.08
2026-01-25,INDEW00000034,Nykaa,57,40914.91
2026-01-25,INDEW00000042,Nykaa,6,7693.96
2026-01-24,INDEW00000024,Nykaa,9,4045.19
2026-01-23,INDEW00000003,Nykaa,218,156188.97
2026-01-23,INDEW00000042,Nykaa,1,1170.92
2026-01-23,INDEW00000049,Nykaa,57,46639.72
2026-01-22,INDEW00000024,Nykaa,8,3668.46
2026-01-20,INDEW00000003,Nykaa,203,142531.42
2026-01-18,INDEW00000036,Nykaa,11,7905.07
2026-01-17,INDEW00000014,Nykaa,62,39587.66
2026-01-17,INDEW00000015,Nykaa,13,18563.95
2026-01-16,INDEW00000024,Nykaa,6,2828.7799999999997
2026-01-15,INDEW00000020,Nykaa,1,1923.67
2026-01-15,INDEW00000003,Nykaa,172,132166.38
2026-01-15,INDEW00000019,Nykaa,7,5707.81
2026-01-15,INDEW00000023,Nykaa,54,19559.05
2026-01-13,INDEW00000020,Nykaa,5,9268.09
2026-01-13,INDEW00000033,Nykaa,1,1324.26
2026-01-09,INDEW00000035,Nykaa,4,7021.15
2026-01-08,INDEW00000018,Nykaa,6,4818.72
2026-01-07,INDEW00000011,Nykaa,61,112427.28
2026-01-07,INDEW00000010,Nykaa,60,67446.56
2026-01-07,INDEW00000014,Nykaa,68,49218.99
2026-01-05,INDEW00000014,Nykaa,69,48805.79
2026-01-04,INDEW00000043,Nykaa,70,75179
2026-01-04,INDEW00000015,Nykaa,11,19118.78
2026-01-04,INDEW00000042,Nykaa,7,9594.29
2026-01-03,INDEW00000019,Nykaa,12,9011.83
2026-01-03,INDEW00000003,Nykaa,205,172242.17
2026-01-03,INDEW00000043,Nykaa,88,94759.01999999999
2026-01-02,INDEW00000003,Nykaa,182,161530.15000000002
2026-01-02,INDEW00000036,Nykaa,5,4624.81
2026-01-01,INDEW00000049,Nykaa,35,34440.17
2026-01-31,INDEW00000003,Nykaa,316,227916.97
2026-01-30,INDEW00000036,Nykaa,12,8753.41
2026-01-30,INDEW00000035,Nykaa,9,13509.83
2026-01-29,INDEW00000036,Nykaa,6,4596.13
2026-01-28,INDEW00000010,Nykaa,48,49899.64
2026-01-28,INDEW00000011,Nykaa,53,89737.26
2026-01-27,INDEW00000010,Nykaa,39,41280.56
2026-01-27,INDEW00000014,Nykaa,54,37088.2
2026-01-22,INDEW00000014,Nykaa,70,45531.61
2026-01-21,INDEW00000042,Nykaa,1,1374.56
2026-01-20,INDEW00000011,Nykaa,67,100202.9
2026-01-20,INDEW00000044,Nykaa,101,97812.17
2026-01-18,INDEW00000010,Nykaa,62,59676.18
2026-01-17,INDEW00000011,Nykaa,80,122216.27
2026-01-16,INDEW00000043,Nykaa,48,46696.619999999995
2026-01-16,INDEW00000042,Nykaa,3,4121.31
2026-01-15,INDEW00000044,Nykaa,83,83275.78
2026-01-15,INDEW00000033,Nykaa,1,1501.52
2026-01-13,INDEW00000043,Nykaa,47,45326.96
2026-01-13,INDEW00000003,Nykaa,183,143022.81
2026-01-12,INDEW00000015,Nykaa,2,3727.46
2026-01-12,INDEW00000003,Nykaa,198,161642.08000000002
2026-01-11,INDEW00000023,Nykaa,72,26290.17
2026-01-11,INDEW00000019,Nykaa,10,7478.91
2026-01-10,INDEW00000036,Nykaa,12,9616.63
2026-01-09,INDEW00000003,Nykaa,167,138403.06999999998
2026-01-06,INDEW00000010,Nykaa,50,56154.700000000004
2026-01-06,INDEW00000044,Nykaa,86,92413.1
2026-01-06,INDEW00000033,Nykaa,1,1519
2026-01-05,INDEW00000024,Nykaa,13,6013.78
2026-01-04,INDEW00000010,Nykaa,63,66734.86
2026-01-04,INDEW00000035,Nykaa,5,8680.76
2026-01-03,INDEW00000020,Nykaa,12,20149.61
2026-01-03,INDEW00000010,Nykaa,49,52346.899999999994
2026-01-03,INDEW00000015,Nykaa,5,8841.26
2026-01-03,INDEW00000018,Nykaa,6,4504.68
2026-01-02,INDEW00000035,Nykaa,5,9306.84
2026-01-01,INDEW00000014,Nykaa,55,40781.63
2026-01-01,INDEW00000034,Nykaa,13,11026.74
2026-01-01,INDEW00000036,Nykaa,7,5917.18
2026-01-01,INDEW00000024,Nykaa,16,7523.03
2026-01-30,INDEW00000026,Nykaa,41,30274.26
2026-01-30,INDEW00000015,Nykaa,10,14105.18
2026-01-28,INDEW00000043,Nykaa,60,58702.54
2026-01-28,INDEW00000015,Nykaa,5,8767.05
2026-01-28,INDEW00000034,Nykaa,28,21670.38
2026-01-27,INDEW00000023,Nykaa,54,20231.17
2026-01-27,INDEW00000018,Nykaa,7,5112.98
2026-01-27,INDEW00000026,Nykaa,25,20004.52
2026-01-27,INDEW00000043,Nykaa,52,50585.74
2026-01-26,INDEW00000023,Nykaa,91,32405.49
2026-01-25,INDEW00000018,Nykaa,12,8155.07
2026-01-23,INDEW00000015,Nykaa,12,17090.34
2026-01-23,INDEW00000024,Nykaa,8,3497.39
2026-01-23,INDEW00000019,Nykaa,8,5930.9
2026-01-22,INDEW00000042,Nykaa,6,8239.32
2026-01-20,INDEW00000035,Nykaa,1,1418.4
2026-01-20,INDEW00000026,Nykaa,33,25037.65
2026-01-18,INDEW00000011,Nykaa,101,141744.28
2026-01-17,INDEW00000026,Nykaa,35,25526.23
2026-01-17,INDEW00000020,Nykaa,9,14727.43
2026-01-16,INDEW00000036,Nykaa,9,6756.32
2026-01-14,INDEW00000033,Nykaa,3,4508.24
2026-01-14,INDEW00000023,Nykaa,69,24664.91
2026-01-14,INDEW00000042,Nykaa,1,1567.34
2026-01-13,INDEW00000011,Nykaa,38,68076.2
2026-01-08,INDEW00000044,Nykaa,100,99998.18
2026-01-05,INDEW00000026,Nykaa,35,27482.3
2026-01-01,INDEW00000043,Nykaa,45,48750.65
2026-01-30,INDEW00000049,Nykaa,31,28859.27
2026-01-28,INDEW00000049,Nykaa,35,33335.62
2026-01-26,INDEW00000036,Nykaa,19,13895.18
2026-01-26,INDEW00000019,Nykaa,7,4783.96
2026-01-25,INDEW00000026,Nykaa,44,32080.13
2026-01-24,INDEW00000026,Nykaa,41,29803.26
2026-01-23,INDEW00000026,Nykaa,47,34474.21
2026-01-22,INDEW00000026,Nykaa,49,35946.84
2026-01-21,INDEW00000019,Nykaa,11,8023.21
2026-01-21,INDEW00000020,Nykaa,3,4989.33
2026-01-19,INDEW00000036,Nykaa,13,9403.57
2026-01-19,INDEW00000015,Nykaa,9,12890.93
2026-01-18,INDEW00000034,Nykaa,49,35433.29
2026-01-17,INDEW00000024,Nykaa,13,5786.71
2026-01-16,INDEW00000035,Nykaa,4,6930.42
2026-01-15,INDEW00000034,Nykaa,23,19021.7
2026-01-15,INDEW00000043,Nykaa,62,60527.450000000004
2026-01-15,INDEW00000026,Nykaa,26,21900.5
2026-01-13,INDEW00000023,Nykaa,52,18672.16
2026-01-13,INDEW00000024,Nykaa,6,2724
2026-01-13,INDEW00000042,Nykaa,3,4703.52
2026-01-11,INDEW00000014,Nykaa,55,37864.25
2026-01-09,INDEW00000049,Nykaa,30,29502.63
2026-01-08,INDEW00000034,Nykaa,32,26396.9
2026-01-07,INDEW00000035,Nykaa,6,11232
2026-01-05,INDEW00000010,Nykaa,52,55340.11
2026-01-05,INDEW00000042,Nykaa,4,5462.84
2026-01-04,INDEW00000014,Nykaa,73,51762.26
2026-01-04,INDEW00000011,Nykaa,77,133628.14
2026-01-04,INDEW00000018,Nykaa,6,4189.01
2026-01-03,INDEW00000023,Nykaa,73,27142.33
2026-01-02,INDEW00000018,Nykaa,9,7170.13
2026-01-02,INDEW00000014,Nykaa,68,50853.09
2026-01-01,INDEW00000044,Nykaa,71,76848.54
2026-01-31,INDEW00000011,Nykaa,120,159749.68
2026-01-31,INDEW00000035,Nykaa,4,6155.13
2026-01-28,INDEW00000044,Nykaa,80,80393.22
2026-01-27,INDEW00000042,Nykaa,1,1395.47
2026-01-26,INDEW00000014,Nykaa,92,60517.78
2026-01-23,INDEW00000018,Nykaa,10,7041.2
2026-01-21,INDEW00000034,Nykaa,43,31806.1
2026-01-20,INDEW00000049,Nykaa,37,32082.12
2026-01-20,INDEW00000034,Nykaa,38,28359.39
2026-01-19,INDEW00000018,Nykaa,4,2813.34
2026-01-18,INDEW00000019,Nykaa,9,6327.35
2026-01-18,INDEW00000018,Nykaa,16,11169.78
2026-01-17,INDEW00000023,Nykaa,78,28186.32
2026-01-16,INDEW00000015,Nykaa,5,8781.15
2026-01-16,INDEW00000034,Nykaa,34,26860.82
2026-01-14,INDEW00000035,Nykaa,4,7438.37
2026-01-14,INDEW00000024,Nykaa,12,5667.95
2026-01-13,INDEW00000026,Nykaa,16,13574.71
2026-01-13,INDEW00000019,Nykaa,3,2329.11
2026-01-12,INDEW00000036,Nykaa,11,8882.98
2026-01-11,INDEW00000018,Nykaa,8,5906.39
2026-01-11,INDEW00000011,Nykaa,73,126960.21
2026-01-10,INDEW00000011,Nykaa,83,137604.71
2026-01-10,INDEW00000044,Nykaa,88,87325.14
2026-01-09,INDEW00000018,Nykaa,4,3134.73
2026-01-08,INDEW00000042,Nykaa,1,1562.65
2026-01-08,INDEW00000010,Nykaa,48,54048.46
2026-01-08,INDEW00000014,Nykaa,72,50811.47
2026-01-07,INDEW00000015,Nykaa,2,3744
2026-01-07,INDEW00000023,Nykaa,69,25648.19
2026-01-06,INDEW00000043,Nykaa,57,60990.74
2026-01-06,INDEW00000026,Nykaa,34,28411.19
2026-01-06,INDEW00000015,Nykaa,8,14592.9
2026-01-04,INDEW00000003,Nykaa,240,201329.90999999997
2026-01-04,INDEW00000049,Nykaa,47,46597.35
2026-01-02,INDEW00000049,Nykaa,32,31324.11
2026-01-01,INDEW00000011,Nykaa,39,71364.32
2026-01-01,INDEW00000010,Nykaa,40,44956.27
2026-01-31,INDEW00000042,Nykaa,3,4044.49
2026-01-31,INDEW00000010,Nykaa,80,75411.8
2026-01-31,INDEW00000026,Nykaa,43,30470.7
2026-01-30,INDEW00000044,Nykaa,92,88449.11
2026-01-30,INDEW00000010,Nykaa,54,52609.99
2026-01-29,INDEW00000014,Nykaa,48,32682.42
2026-01-28,INDEW00000023,Nykaa,55,19947.019999999997
2026-01-28,INDEW00000003,Nykaa,172,131483.43
2026-01-27,INDEW00000011,Nykaa,49,82354.34
2026-01-26,INDEW00000003,Nykaa,336,249835.44
2026-01-26,INDEW00000010,Nykaa,56,55771.619999999995
2026-01-26,INDEW00000035,Nykaa,3,5130.5
2026-01-25,INDEW00000044,Nykaa,138,125577.41
2026-01-24,INDEW00000015,Nykaa,3,4412.75
2026-01-24,INDEW00000043,Nykaa,68,62639.94
2026-01-24,INDEW00000019,Nykaa,5,3591.39
2026-01-22,INDEW00000049,Nykaa,57,47191.61
2026-01-22,INDEW00000044,Nykaa,95,88848.72
2026-01-21,INDEW00000014,Nykaa,75,49138.81
2026-01-18,INDEW00000043,Nykaa,68,65684.07
2026-01-17,INDEW00000034,Nykaa,57,40974.93
2026-01-17,INDEW00000042,Nykaa,4,5358
2026-01-15,INDEW00000018,Nykaa,7,5490.09
2026-01-15,INDEW00000015,Nykaa,4,7453.3
2026-01-14,INDEW00000044,Nykaa,88,88493.24
2026-01-12,INDEW00000044,Nykaa,84,83874.83
2026-01-10,INDEW00000014,Nykaa,73,50904.68
2026-01-10,INDEW00000019,Nykaa,10,7563.04
2026-01-09,INDEW00000011,Nykaa,50,92423.89
2026-01-08,INDEW00000003,Nykaa,189,155983.53
2026-01-07,INDEW00000018,Nykaa,6,4477.52
2026-01-06,INDEW00000003,Nykaa,178,157775.89
2026-01-06,INDEW00000023,Nykaa,76,28031.9
2026-01-06,INDEW00000042,Nykaa,2,3027.02
2026-01-03,INDEW00000034,Nykaa,32,25404.46
2026-01-02,INDEW00000019,Nykaa,8,6408.73
2026-01-02,INDEW00000011,Nykaa,47,86349.3
2026-01-01,INDEW00000003,Nykaa,152,134631.97
2026-01-01,INDEW00000018,Nykaa,11,8823.87
2026-01-01,INDEW00000015,Nykaa,5,9327.36
2026-01-31,INDEW00000023,Nykaa,85,30566.33
2026-01-31,INDEW00000019,Nykaa,7,5196.78
2026-01-30,INDEW00000014,Nykaa,71,45588
2026-01-29,INDEW00000011,Nykaa,65,105223.95
2026-01-29,INDEW00000018,Nykaa,6,4521.21
2026-01-29,INDEW00000023,Nykaa,68,24895.56
2026-01-28,INDEW00000035,Nykaa,1,1728.6
2026-01-26,INDEW00000043,Nykaa,96,86880.93
2026-01-25,INDEW00000011,Nykaa,87,119073.56
2026-01-25,INDEW00000036,Nykaa,19,13400.24
2026-01-23,INDEW00000035,Nykaa,4,5653.23
2026-01-22,INDEW00000020,Nykaa,2,3036
2026-01-22,INDEW00000018,Nykaa,10,6880.44
2026-01-21,INDEW00000010,Nykaa,38,37526.91
2026-01-19,INDEW00000044,Nykaa,75,73802.34
2026-01-19,INDEW00000034,Nykaa,33,24141.62
2026-01-17,INDEW00000003,Nykaa,272,198204.61
2026-01-16,INDEW00000018,Nykaa,11,8245.7
2026-01-15,INDEW00000036,Nykaa,7,5592.8
2026-01-13,INDEW00000010,Nykaa,34,38002.59
2026-01-13,INDEW00000044,Nykaa,67,66849.87
2026-01-13,INDEW00000018,Nykaa,3,2421
2026-01-12,INDEW00000026,Nykaa,33,27599.66
2026-01-12,INDEW00000049,Nykaa,22,21768.23
2026-01-10,INDEW00000015,Nykaa,4,6992
2026-01-09,INDEW00000019,Nykaa,8,6403.34
2026-01-09,INDEW00000034,Nykaa,37,30807.37
2026-01-08,INDEW00000024,Nykaa,12,5592.5
2026-01-08,INDEW00000015,Nykaa,7,13067.01
2026-01-06,INDEW00000011,Nykaa,50,91451.02
2026-01-06,INDEW00000036,Nykaa,10,9266.97
2026-01-05,INDEW00000020,Nykaa,4,6672.27
2026-01-02,INDEW00000044,Nykaa,89,95260.40000000001
2026-01-02,INDEW00000026,Nykaa,31,25704.1
2026-01-29,INDEW00000042,Nykaa,3,4089.96
2026-01-28,INDEW00000024,Nykaa,17,7840.77
2026-01-28,INDEW00000022,Nykaa,1,809
2026-01-28,INDEW00000042,Nykaa,3,4169.51
2026-01-27,INDEW00000034,Nykaa,24,19145.4
2026-01-27,INDEW00000035,Nykaa,5,8838.04
2026-01-26,INDEW00000042,Nykaa,4,5161.31
2026-01-26,INDEW00000026,Nykaa,36,26991.59
2026-01-25,INDEW00000043,Nykaa,97,87310.98
2026-01-22,INDEW00000023,Nykaa,66,24057.47
2026-01-21,INDEW00000036,Nykaa,14,10192.59
2026-01-20,INDEW00000019,Nykaa,1,713.45
2026-01-19,INDEW00000010,Nykaa,52,50611.09
2026-01-18,INDEW00000003,Nykaa,283,194031.12
2026-01-17,INDEW00000049,Nykaa,22,20070.73
2026-01-17,INDEW00000018,Nykaa,5,3524.47
2026-01-16,INDEW00000044,Nykaa,59,58478.48
2026-01-16,INDEW00000020,Nykaa,6,10072.48
2026-01-16,INDEW00000026,Nykaa,25,20144.98
2026-01-16,INDEW00000019,Nykaa,11,8344.26
2026-01-16,INDEW00000023,Nykaa,54,20210.22
2026-01-15,INDEW00000014,Nykaa,62,44424.079999999994
2026-01-14,INDEW00000026,Nykaa,14,11515.11
2026-01-14,INDEW00000034,Nykaa,25,21235.28
2026-01-10,INDEW00000010,Nykaa,38,39178.62
2026-01-09,INDEW00000044,Nykaa,85,85078.82
2026-01-09,INDEW00000010,Nykaa,34,38066.65
2026-01-09,INDEW00000024,Nykaa,12,5505.92
2026-01-07,INDEW00000024,Nykaa,14,6538.97
2026-01-06,INDEW00000024,Nykaa,10,4622.02
2026-01-06,INDEW00000019,Nykaa,6,4671.98
2026-01-04,INDEW00000024,Nykaa,16,7454.240000000001
2026-01-01,INDEW00000026,Nykaa,14,11849.05
2026-01-29,INDEW00000044,Nykaa,74,72354.68999999999
2026-01-28,INDEW00000018,Nykaa,7,5126.33
2026-01-28,INDEW00000036,Nykaa,7,5596.67
2026-01-27,INDEW00000024,Nykaa,18,8488.24
2026-01-26,INDEW00000024,Nykaa,17,7326.42
2026-01-24,INDEW00000014,Nykaa,88,56368.67
2026-01-23,INDEW00000036,Nykaa,17,12398.34
2026-01-21,INDEW00000049,Nykaa,54,44204.02
2026-01-21,INDEW00000011,Nykaa,62,90857.17
2026-01-21,INDEW00000018,Nykaa,11,7877.32
2026-01-19,INDEW00000035,Nykaa,4,6243.62
2026-01-18,INDEW00000044,Nykaa,84,82785.90000000001
2026-01-17,INDEW00000010,Nykaa,53,51596.32
2026-01-17,INDEW00000044,Nykaa,85,80484.87
2026-01-14,INDEW00000043,Nykaa,67,66085.52
2026-01-14,INDEW00000003,Nykaa,172,133546.45
2026-01-13,INDEW00000049,Nykaa,18,17570.99
2026-01-12,INDEW00000024,Nykaa,15,7020.21
2026-01-11,INDEW00000003,Nykaa,228,179529.68
2026-01-11,INDEW00000026,Nykaa,33,26115.23
2026-01-10,INDEW00000023,Nykaa,62,22993.74
2026-01-07,INDEW00000034,Nykaa,36,29983.75
2026-01-06,INDEW00000018,Nykaa,5,4035
2026-01-05,INDEW00000044,Nykaa,96,103451.18000000001
2026-01-04,INDEW00000020,Nykaa,3,5154
2026-01-03,INDEW00000049,Nykaa,36,35453.05
2026-01-02,INDEW00000020,Nykaa,4,7566.54
2026-01-02,INDEW00000010,Nykaa,52,58425.799999999996
2026-01-02,INDEW00000015,Nykaa,9,16747.41
2026-01-02,INDEW00000043,Nykaa,70,75378.07
2026-01-01,INDEW00000042,Nykaa,2,3137.81
2026-01-31,INDEW00000049,Nykaa,38,32956.34
2026-01-30,INDEW00000023,Nykaa,81,28968.58
2026-01-30,INDEW00000024,Nykaa,13,5901.46
2026-01-29,INDEW00000043,Nykaa,54,51477
2026-01-27,INDEW00000019,Nykaa,7,5174.86
2026-01-26,INDEW00000049,Nykaa,63,50022.48
2026-01-26,INDEW00000020,Nykaa,3,4752.12
2026-01-25,INDEW00000049,Nykaa,70,56099.62
2026-01-24,INDEW00000034,Nykaa,39,28284.06
2026-01-23,INDEW00000044,Nykaa,111,101445.24
2026-01-21,INDEW00000026,Nykaa,36,26438.21
2026-01-20,INDEW00000020,Nykaa,1,1577.37
2026-01-20,INDEW00000015,Nykaa,5,7367.82
2026-01-19,INDEW00000024,Nykaa,6,2741.6099999999997
2026-01-19,INDEW00000043,Nykaa,64,62145.1
2026-01-16,INDEW00000003,Nykaa,164,122878.95999999999
2026-01-16,INDEW00000011,Nykaa,57,99288.51
2026-01-15,INDEW00000010,Nykaa,37,41694.88
2026-01-14,INDEW00000015,Nykaa,6,11018.96
2026-01-12,INDEW00000010,Nykaa,25,28261.56
2026-01-12,INDEW00000014,Nykaa,61,44357.829999999994
2026-01-12,INDEW00000023,Nykaa,70,24959.86
2026-01-12,INDEW00000018,Nykaa,8,6418.96
2026-01-10,INDEW00000035,Nykaa,4,7088.59
2026-01-08,INDEW00000035,Nykaa,5,9188.24
2026-01-08,INDEW00000049,Nykaa,28,27528.57
2026-01-08,INDEW00000026,Nykaa,19,15973.49
2026-01-06,INDEW00000035,Nykaa,3,5046.99
2026-01-06,INDEW00000049,Nykaa,7,6689.85
2026-01-03,INDEW00000044,Nykaa,104,111528.23999999999
2026-01-02,INDEW00000024,Nykaa,16,7433.87
2026-01-02,INDEW00000033,Nykaa,2,3030.76
2026-01-02,INDEW00000022,Nykaa,2,1622.6
2026-01-01,INDEW00000035,Nykaa,3,5583.36
2026-01-01,INDEW00000020,Nykaa,3,5738
2026-01-31,INDEW00000034,Nykaa,55,39413.32
2026-01-31,INDEW00000018,Nykaa,10,6696.49
2026-01-29,INDEW00000034,Nykaa,33,26139.54
2026-01-29,INDEW00000010,Nykaa,51,53613.87
2026-01-28,INDEW00000019,Nykaa,3,2129.21
2026-01-27,INDEW00000036,Nykaa,3,2263.22
2026-01-27,INDEW00000020,Nykaa,7,11829.66
2026-01-25,INDEW00000010,Nykaa,68,63883.28
2026-01-24,INDEW00000018,Nykaa,10,6649.8
2026-01-22,INDEW00000036,Nykaa,7,4946.52
2026-01-22,INDEW00000043,Nykaa,68,63545.01
2026-01-21,INDEW00000015,Nykaa,8,11529.59
2026-01-21,INDEW00000023,Nykaa,70,25617.22
2026-01-18,INDEW00000042,Nykaa,3,4119.17
2026-01-18,INDEW00000024,Nykaa,11,5052.42
2026-01-16,INDEW00000010,Nykaa,22,23523.67
2026-01-16,INDEW00000049,Nykaa,32,31650.23
2026-01-14,INDEW00000010,Nykaa,44,48940.9
2026-01-14,INDEW00000014,Nykaa,30,22032.29
2026-01-14,INDEW00000020,Nykaa,1,1933
2026-01-13,INDEW00000014,Nykaa,55,39733.37
2026-01-13,INDEW00000035,Nykaa,3,5573.05
2026-01-12,INDEW00000035,Nykaa,2,3716.29
2026-01-11,INDEW00000036,Nykaa,16,12434.84
2026-01-11,INDEW00000035,Nykaa,7,12240.4
2026-01-10,INDEW00000049,Nykaa,34,33551.27
2026-01-09,INDEW00000020,Nykaa,3,5749.56
2026-01-09,INDEW00000015,Nykaa,6,10724.91
2026-01-08,INDEW00000020,Nykaa,1,1908.6
2026-01-07,INDEW00000003,Nykaa,170,144704.59
2026-01-06,INDEW00000034,Nykaa,12,9835.18
2026-01-05,INDEW00000023,Nykaa,69,25553.88
2026-01-04,INDEW00000036,Nykaa,11,9366.01
2026-01-03,INDEW00000035,Nykaa,4,7070.53
2026-01-03,INDEW00000024,Nykaa,14,6548.43
2026-01-03,INDEW00000014,Nykaa,67,47436.37
2026-01-01,INDEW00000019,Nykaa,8,6256.18
2026-01-30,INDEW00000019,Nykaa,8,5971.47
2026-01-30,INDEW00000018,Nykaa,8,5597.99
2026-01-29,INDEW00000049,Nykaa,23,22203.49
2026-01-28,INDEW00000026,Nykaa,18,13452.04
2026-01-26,INDEW00000034,Nykaa,59,43055.17
2026-01-25,INDEW00000024,Nykaa,10,4484.64
2026-01-25,INDEW00000019,Nykaa,11,8067
2026-01-24,INDEW00000023,Nykaa,71,25669.04
2026-01-24,INDEW00000010,Nykaa,46,44758.29
2026-01-23,INDEW00000014,Nykaa,69,44193.95
2026-01-22,INDEW00000003,Nykaa,203,149460.81
2026-01-22,INDEW00000015,Nykaa,6,8485.22
2026-01-21,INDEW00000035,Nykaa,5,7856.21
2026-01-20,INDEW00000023,Nykaa,46,17151.1
2026-01-19,INDEW00000003,Nykaa,226,157040.56999999998
2026-01-19,INDEW00000011,Nykaa,82,118289.21
2026-01-19,INDEW00000049,Nykaa,29,27349.66
2026-01-18,INDEW00000015,Nykaa,13,18560.62
2026-01-12,INDEW00000043,Nykaa,62,60088.740000000005
2026-01-12,INDEW00000034,Nykaa,29,23667.23
2026-01-12,INDEW00000020,Nykaa,5,9647.68
2026-01-12,INDEW00000019,Nykaa,8,6455.35
2026-01-11,INDEW00000044,Nykaa,121,119793.24
2026-01-10,INDEW00000026,Nykaa,25,19996.84
2026-01-09,INDEW00000043,Nykaa,71,69656.91
2026-01-08,INDEW00000019,Nykaa,6,4758.92
2026-01-08,INDEW00000036,Nykaa,13,10589.48
2026-01-07,INDEW00000043,Nykaa,68,70060.22
2026-01-07,INDEW00000026,Nykaa,25,20654.44
2026-01-05,INDEW00000003,Nykaa,219,184010.17
2026-01-05,INDEW00000019,Nykaa,12,9099.91
2026-01-05,INDEW00000015,Nykaa,3,5092.93
2026-01-05,INDEW00000043,Nykaa,70,75372.78
2026-01-04,INDEW00000023,Nykaa,79,29286.47
2026-01-04,INDEW00000044,Nykaa,87,93587.08
2026-01-31,INDEW00000024,Nykaa,13,5699.23
2026-01-31,INDEW00000015,Nykaa,14,20340.32
2026-01-30,INDEW00000003,Nykaa,227,165906.18000000002
2026-01-30,INDEW00000043,Nykaa,78,74007.72
2026-01-26,INDEW00000015,Nykaa,7,11357.6
2026-01-24,INDEW00000035,Nykaa,2,3152
2026-01-24,INDEW00000011,Nykaa,86,121328.25
2026-01-24,INDEW00000003,Nykaa,230,164298.98
2026-01-23,INDEW00000011,Nykaa,73,106192.79
2026-01-23,INDEW00000043,Nykaa,83,75037.05
2026-01-22,INDEW00000010,Nykaa,51,50557.02
2026-01-22,INDEW00000034,Nykaa,41,30427.53
2026-01-21,INDEW00000003,Nykaa,206,147054.83000000002
2026-01-21,INDEW00000044,Nykaa,89,83715.02
2026-01-21,INDEW00000043,Nykaa,62,58175.44
2026-01-21,INDEW00000024,Nykaa,15,6911.44
2026-01-20,INDEW00000010,Nykaa,35,35058.850000000006
2026-01-17,INDEW00000019,Nykaa,11,8207.66
2026-01-15,INDEW00000024,Nykaa,15,7022.03
2026-01-11,INDEW00000024,Nykaa,11,5053.09
2026-01-11,INDEW00000034,Nykaa,34,26733.34
2026-01-11,INDEW00000015,Nykaa,9,15884.68
2026-01-10,INDEW00000018,Nykaa,8,5896.93
2026-01-10,INDEW00000020,Nykaa,2,3385.97
2026-01-09,INDEW00000014,Nykaa,55,40459.29
2026-01-07,INDEW00000036,Nykaa,9,7490.69
2026-01-02,INDEW00000023,Nykaa,86,31827.4
2026-01-02,INDEW00000034,Nykaa,46,38768.41
2026-01-31,INDEW00000014,Nykaa,88,55859.149999999994
2026-01-30,INDEW00000034,Nykaa,41,29842.3
2026-01-30,INDEW00000042,Nykaa,4,5174.7
2026-01-29,INDEW00000020,Nykaa,1,1579.35
2026-01-27,INDEW00000044,Nykaa,73,72946.79
2026-01-27,INDEW00000015,Nykaa,5,8751.19
2026-01-22,INDEW00000019,Nykaa,8,5896.21
2026-01-20,INDEW00000014,Nykaa,64,41796.24
2026-01-20,INDEW00000018,Nykaa,8,5676.35
2026-01-19,INDEW00000026,Nykaa,30,21714.53
2026-01-19,INDEW00000019,Nykaa,7,5284.89
2026-01-17,INDEW00000043,Nykaa,80,74936.18
2026-01-15,INDEW00000049,Nykaa,31,30235.27
2026-01-14,INDEW00000019,Nykaa,8,6153.26
2026-01-14,INDEW00000036,Nykaa,12,10084.02
2026-01-14,INDEW00000049,Nykaa,28,27278
2026-01-14,INDEW00000011,Nykaa,39,68558.79
2026-01-13,INDEW00000036,Nykaa,8,6006.03
2026-01-12,INDEW00000011,Nykaa,46,84701.42
2026-01-11,INDEW00000010,Nykaa,52,55408.5
2026-01-10,INDEW00000042,Nykaa,4,5336.22
2026-01-09,INDEW00000023,Nykaa,65,24217.93
2026-01-09,INDEW00000042,Nykaa,5,7781.63
2026-01-09,INDEW00000036,Nykaa,10,8013.14
2026-01-08,INDEW00000023,Nykaa,67,24877.74
2026-01-07,INDEW00000020,Nykaa,5,9628.06
2026-01-07,INDEW00000019,Nykaa,5,4022.33
2026-01-05,INDEW00000036,Nykaa,15,12833.36
2026-01-05,INDEW00000049,Nykaa,34,33473.27
2026-01-05,INDEW00000035,Nykaa,3,5106.74
2026-01-03,INDEW00000042,Nykaa,3,4186.68
2026-01-15,07e74fc5-7ecd-43d8-a3a8-6b6cd221026a,Zepto,13,11392
2026-01-08,07e74fc5-7ecd-43d8-a3a8-6b6cd221026a,Zepto,18,15717
2026-01-04,07e74fc5-7ecd-43d8-a3a8-6b6cd221026a,Zepto,39,33546
2026-01-07,3fa4c1a5-3183-4619-8774-491e2fd1008a,Zepto,14,11186
2026-01-31,7e19b7c9-a5d1-4988-b7ff-9f697f6f9179,Zepto,14,16100
2026-01-05,e4a7998c-9073-45a0-9d8c-a8747e811f06,Zepto,6,2130
2026-01-13,3fa4c1a5-3183-4619-8774-491e2fd1008a,Zepto,5,3995
2026-01-03,c2ff7e40-7934-4be9-a386-7fd3df6b8c80,Zepto,5,4490
2026-01-16,c2ff7e40-7934-4be9-a386-7fd3df6b8c80,Zepto,2,1796
2026-01-22,7e19b7c9-a5d1-4988-b7ff-9f697f6f9179,Zepto,7,8050
2026-01-09,c2ff7e40-7934-4be9-a386-7fd3df6b8c80,Zepto,1,898
2026-01-25,32680322-fb74-4724-90e6-5377faa630a3,Zepto,7,3493
2026-01-30,e4a7998c-9073-45a0-9d8c-a8747e811f06,Zepto,23,8165
2026-01-29,566390e5-d7b4-44ab-86da-1778dafb8d73,Zepto,1,899
2026-01-06,b3813904-2242-465e-b98c-73097e659bae,Zepto,1,1970
2026-01-11,c2ff7e40-7934-4be9-a386-7fd3df6b8c80,Zepto,5,4490
2026-01-30,c2ff7e40-7934-4be9-a386-7fd3df6b8c80,Zepto,8,7184
2026-01-04,3fa4c1a5-3183-4619-8774-491e2fd1008a,Zepto,20,15980
2026-01-31,8c73352d-6fa5-4bb0-862c-32e173ecacc1,Zepto,10,9990
2026-01-26,94930f70-e21f-4103-9bf8-9f3330478fa7,Zepto,2,2398
2026-01-09,8c73352d-6fa5-4bb0-862c-32e173ecacc1,Zepto,6,5994
2026-01-27,3fa4c1a5-3183-4619-8774-491e2fd1008a,Zepto,13,10387
2026-01-10,07e74fc5-7ecd-43d8-a3a8-6b6cd221026a,Zepto,31,27214
2026-01-12,3fa4c1a5-3183-4619-8774-491e2fd1008a,Zepto,15,11985
2026-01-17,9e7b013e-5aff-4eb6-b474-ac94c392e348,Zepto,1,849
2026-01-21,32680322-fb74-4724-90e6-5377faa630a3,Zepto,6,2994
2026-01-05,07e74fc5-7ecd-43d8-a3a8-6b6cd221026a,Zepto,25,21625
2026-01-08,9e7b013e-5aff-4eb6-b474-ac94c392e348,Zepto,5,4245
2026-01-20,7e19b7c9-a5d1-4988-b7ff-9f697f6f9179,Zepto,2,2300
2026-01-31,4f4fc324-38a3-48c7-ac4c-f6cdd0201001,Zepto,1,1970
2026-01-20,4343c39f-d3bd-4310-8f14-12505e74428b,Zepto,1,899
2026-01-03,9e7b013e-5aff-4eb6-b474-ac94c392e348,Zepto,5,4245
2026-01-15,94930f70-e21f-4103-9bf8-9f3330478fa7,Zepto,4,4796
2026-01-01,e4a7998c-9073-45a0-9d8c-a8747e811f06,Zepto,1,355
2026-01-22,dbe46b05-cccd-4532-96e1-1f046035ed26,Zepto,1,1150
2026-01-21,4343c39f-d3bd-4310-8f14-12505e74428b,Zepto,1,899
2026-01-27,dbe46b05-cccd-4532-96e1-1f046035ed26,Zepto,1,1150
2026-01-31,3fa4c1a5-3183-4619-8774-491e2fd1008a,Zepto,17,13583
2026-01-31,07e74fc5-7ecd-43d8-a3a8-6b6cd221026a,Zepto,43,36607
2026-01-29,c2ff7e40-7934-4be9-a386-7fd3df6b8c80,Zepto,6,5388
2026-01-28,94930f70-e21f-4103-9bf8-9f3330478fa7,Zepto,2,2398
2026-01-25,e4a7998c-9073-45a0-9d8c-a8747e811f06,Zepto,9,3195
2026-01-10,e4a7998c-9073-45a0-9d8c-a8747e811f06,Zepto,8,2840
2026-01-22,3fa4c1a5-3183-4619-8774-491e2fd1008a,Zepto,14,11186
2026-01-23,8c73352d-6fa5-4bb0-862c-32e173ecacc1,Zepto,9,8991
2026-01-29,dbe46b05-cccd-4532-96e1-1f046035ed26,Zepto,12,13800
2026-01-15,8c73352d-6fa5-4bb0-862c-32e173ecacc1,Zepto,5,4995
2026-01-27,b3813904-2242-465e-b98c-73097e659bae,Zepto,1,1970
2026-01-20,dbe46b05-cccd-4532-96e1-1f046035ed26,Zepto,1,1150
2026-01-23,4343c39f-d3bd-4310-8f14-12505e74428b,Zepto,1,899
2026-01-25,94930f70-e21f-4103-9bf8-9f3330478fa7,Zepto,1,1199
2026-01-03,e4a7998c-9073-45a0-9d8c-a8747e811f06,Zepto,11,3905
2026-01-18,dbe46b05-cccd-4532-96e1-1f046035ed26,Zepto,1,1150
2026-01-24,7e19b7c9-a5d1-4988-b7ff-9f697f6f9179,Zepto,8,9200
2026-01-19,7e19b7c9-a5d1-4988-b7ff-9f697f6f9179,Zepto,1,1150
2026-01-06,9e7b013e-5aff-4eb6-b474-ac94c392e348,Zepto,2,1698
2026-01-22,07e74fc5-7ecd-43d8-a3a8-6b6cd221026a,Zepto,26,22154
2026-01-23,c2ff7e40-7934-4be9-a386-7fd3df6b8c80,Zepto,3,2694
2026-01-14,07e74fc5-7ecd-43d8-a3a8-6b6cd221026a,Zepto,21,18039
2026-01-19,32680322-fb74-4724-90e6-5377faa630a3,Zepto,4,1996
2026-01-06,94930f70-e21f-4103-9bf8-9f3330478fa7,Zepto,3,3597
2026-01-27,07e74fc5-7ecd-43d8-a3a8-6b6cd221026a,Zepto,25,21415
2026-01-02,c2ff7e40-7934-4be9-a386-7fd3df6b8c80,Zepto,4,3592
2026-01-14,8c73352d-6fa5-4bb0-862c-32e173ecacc1,Zepto,4,3996
2026-01-24,8c73352d-6fa5-4bb0-862c-32e173ecacc1,Zepto,7,6993
2026-01-11,4343c39f-d3bd-4310-8f14-12505e74428b,Zepto,1,899
2026-01-18,32680322-fb74-4724-90e6-5377faa630a3,Zepto,8,3992
2026-01-10,c2ff7e40-7934-4be9-a386-7fd3df6b8c80,Zepto,4,3592
2026-01-09,07e74fc5-7ecd-43d8-a3a8-6b6cd221026a,Zepto,20,17825
2026-01-01,3fa4c1a5-3183-4619-8774-491e2fd1008a,Zepto,12,9588
2026-01-29,4343c39f-d3bd-4310-8f14-12505e74428b,Zepto,1,899
2026-01-27,e4a7998c-9073-45a0-9d8c-a8747e811f06,Zepto,12,4260
2026-01-27,32680322-fb74-4724-90e6-5377faa630a3,Zepto,2,998
2026-01-01,8c73352d-6fa5-4bb0-862c-32e173ecacc1,Zepto,2,1998
2026-01-10,32680322-fb74-4724-90e6-5377faa630a3,Zepto,8,3992
2026-01-26,07e74fc5-7ecd-43d8-a3a8-6b6cd221026a,Zepto,32,27218
2026-01-03,07e74fc5-7ecd-43d8-a3a8-6b6cd221026a,Zepto,44,39236
2026-01-06,32680322-fb74-4724-90e6-5377faa630a3,Zepto,6,2994
2026-01-17,94930f70-e21f-4103-9bf8-9f3330478fa7,Zepto,2,2398
2026-01-17,e4a7998c-9073-45a0-9d8c-a8747e811f06,Zepto,22,7810
2026-01-07,94930f70-e21f-4103-9bf8-9f3330478fa7,Zepto,5,5995
2026-01-21,3fa4c1a5-3183-4619-8774-491e2fd1008a,Zepto,17,13583
2026-01-31,9e7b013e-5aff-4eb6-b474-ac94c392e348,Zepto,9,7641
2026-01-01,4343c39f-d3bd-4310-8f14-12505e74428b,Zepto,2,1798
2026-01-22,32680322-fb74-4724-90e6-5377faa630a3,Zepto,3,1497
2026-01-27,94930f70-e21f-4103-9bf8-9f3330478fa7,Zepto,3,3597
2026-01-13,e4a7998c-9073-45a0-9d8c-a8747e811f06,Zepto,12,4260
2026-01-23,e4a7998c-9073-45a0-9d8c-a8747e811f06,Zepto,11,3905
2026-01-17,07e74fc5-7ecd-43d8-a3a8-6b6cd221026a,Zepto,26,22364
2026-01-04,b3813904-2242-465e-b98c-73097e659bae,Zepto,4,7880
2026-01-26,32680322-fb74-4724-90e6-5377faa630a3,Zepto,3,1497
2026-01-27,c2ff7e40-7934-4be9-a386-7fd3df6b8c80,Zepto,4,3592
2026-01-10,b3813904-2242-465e-b98c-73097e659bae,Zepto,1,1970
2026-01-05,8c73352d-6fa5-4bb0-862c-32e173ecacc1,Zepto,3,2997
2026-01-23,dbe46b05-cccd-4532-96e1-1f046035ed26,Zepto,1,1150
2026-01-05,b3813904-2242-465e-b98c-73097e659bae,Zepto,2,3940
2026-01-21,e4a7998c-9073-45a0-9d8c-a8747e811f06,Zepto,10,3550
2026-01-28,07e74fc5-7ecd-43d8-a3a8-6b6cd221026a,Zepto,25,21625
2026-01-11,3fa4c1a5-3183-4619-8774-491e2fd1008a,Zepto,19,15181
2026-01-23,94930f70-e21f-4103-9bf8-9f3330478fa7,Zepto,2,2398
2026-01-13,32680322-fb74-4724-90e6-5377faa630a3,Zepto,3,1497
2026-01-28,4f4fc324-38a3-48c7-ac4c-f6cdd0201001,Zepto,2,3940
2026-01-16,07e74fc5-7ecd-43d8-a3a8-6b6cd221026a,Zepto,18,15402
2026-01-17,4343c39f-d3bd-4310-8f14-12505e74428b,Zepto,1,899
2026-01-12,07e74fc5-7ecd-43d8-a3a8-6b6cd221026a,Zepto,23,20252
2026-01-30,32680322-fb74-4724-90e6-5377faa630a3,Zepto,12,5988
2026-01-12,c2ff7e40-7934-4be9-a386-7fd3df6b8c80,Zepto,2,1796
2026-01-16,4343c39f-d3bd-4310-8f14-12505e74428b,Zepto,1,899
2026-01-17,32680322-fb74-4724-90e6-5377faa630a3,Zepto,10,4990
2026-01-24,32680322-fb74-4724-90e6-5377faa630a3,Zepto,6,2994
2026-01-08,b3813904-2242-465e-b98c-73097e659bae,Zepto,2,3940
2026-01-31,94930f70-e21f-4103-9bf8-9f3330478fa7,Zepto,2,2398
2026-01-03,8c73352d-6fa5-4bb0-862c-32e173ecacc1,Zepto,2,1998
2026-01-31,32680322-fb74-4724-90e6-5377faa630a3,Zepto,6,2994
2026-01-29,9e7b013e-5aff-4eb6-b474-ac94c392e348,Zepto,2,1698
2026-01-05,32680322-fb74-4724-90e6-5377faa630a3,Zepto,4,1996
2026-01-01,32680322-fb74-4724-90e6-5377faa630a3,Zepto,4,1996
2026-01-30,94930f70-e21f-4103-9bf8-9f3330478fa7,Zepto,4,4796
2026-01-01,9e7b013e-5aff-4eb6-b474-ac94c392e348,Zepto,4,3396
2026-01-13,b3813904-2242-465e-b98c-73097e659bae,Zepto,1,1970
2026-01-26,4343c39f-d3bd-4310-8f14-12505e74428b,Zepto,1,899
2026-01-09,9e7b013e-5aff-4eb6-b474-ac94c392e348,Zepto,1,849
2026-01-26,e4a7998c-9073-45a0-9d8c-a8747e811f06,Zepto,14,4970
2026-01-11,32680322-fb74-4724-90e6-5377faa630a3,Zepto,7,3493
2026-01-17,3fa4c1a5-3183-4619-8774-491e2fd1008a,Zepto,14,11186
2026-01-23,07e74fc5-7ecd-43d8-a3a8-6b6cd221026a,Zepto,26,22889
2026-01-06,3fa4c1a5-3183-4619-8774-491e2fd1008a,Zepto,7,5593
2026-01-24,3fa4c1a5-3183-4619-8774-491e2fd1008a,Zepto,17,13583
2026-01-29,7e19b7c9-a5d1-4988-b7ff-9f697f6f9179,Zepto,16,18400
2026-01-25,566390e5-d7b4-44ab-86da-1778dafb8d73,Zepto,1,899
2026-01-29,e4a7998c-9073-45a0-9d8c-a8747e811f06,Zepto,4,1420
2026-01-09,94930f70-e21f-4103-9bf8-9f3330478fa7,Zepto,4,4796
2026-01-25,7e19b7c9-a5d1-4988-b7ff-9f697f6f9179,Zepto,9,10350
2026-01-26,c2ff7e40-7934-4be9-a386-7fd3df6b8c80,Zepto,8,7184
2026-01-10,94930f70-e21f-4103-9bf8-9f3330478fa7,Zepto,2,2398
2026-01-11,e4a7998c-9073-45a0-9d8c-a8747e811f06,Zepto,17,6035
2026-01-23,3fa4c1a5-3183-4619-8774-491e2fd1008a,Zepto,18,14382
2026-01-21,8c73352d-6fa5-4bb0-862c-32e173ecacc1,Zepto,2,1998
2026-01-05,517ff958-edff-405d-aad1-e1da1089243c,Zepto,1,899
2026-01-19,8c73352d-6fa5-4bb0-862c-32e173ecacc1,Zepto,4,3996
2026-01-28,8c73352d-6fa5-4bb0-862c-32e173ecacc1,Zepto,5,4995
2026-01-19,dbe46b05-cccd-4532-96e1-1f046035ed26,Zepto,1,1150
2026-01-23,32680322-fb74-4724-90e6-5377faa630a3,Zepto,3,1497
2026-01-14,b3813904-2242-465e-b98c-73097e659bae,Zepto,1,1970
2026-01-08,566390e5-d7b4-44ab-86da-1778dafb8d73,Zepto,1,899
2026-01-09,3fa4c1a5-3183-4619-8774-491e2fd1008a,Zepto,11,8789
2026-01-22,e4a7998c-9073-45a0-9d8c-a8747e811f06,Zepto,13,4615
2026-01-26,3fa4c1a5-3183-4619-8774-491e2fd1008a,Zepto,9,7191
2026-01-07,32680322-fb74-4724-90e6-5377faa630a3,Zepto,2,998
2026-01-29,07e74fc5-7ecd-43d8-a3a8-6b6cd221026a,Zepto,21,17934
2026-01-03,3fa4c1a5-3183-4619-8774-491e2fd1008a,Zepto,18,14382
2026-01-02,3fa4c1a5-3183-4619-8774-491e2fd1008a,Zepto,12,9588
2026-01-11,8c73352d-6fa5-4bb0-862c-32e173ecacc1,Zepto,2,1998
2026-01-14,c2ff7e40-7934-4be9-a386-7fd3df6b8c80,Zepto,3,2694
2026-01-15,b3813904-2242-465e-b98c-73097e659bae,Zepto,2,3940
2026-01-21,7e19b7c9-a5d1-4988-b7ff-9f697f6f9179,Zepto,3,3450
2026-01-26,4f4fc324-38a3-48c7-ac4c-f6cdd0201001,Zepto,1,1970
2026-01-08,4f4fc324-38a3-48c7-ac4c-f6cdd0201001,Zepto,1,1970
2026-01-01,c2ff7e40-7934-4be9-a386-7fd3df6b8c80,Zepto,8,7184
2026-01-10,8c73352d-6fa5-4bb0-862c-32e173ecacc1,Zepto,2,1998
2026-01-21,07e74fc5-7ecd-43d8-a3a8-6b6cd221026a,Zepto,20,17300
2026-01-18,c2ff7e40-7934-4be9-a386-7fd3df6b8c80,Zepto,7,6286
2026-01-29,94930f70-e21f-4103-9bf8-9f3330478fa7,Zepto,3,3597
2026-01-16,b3813904-2242-465e-b98c-73097e659bae,Zepto,1,1970
2026-01-05,3fa4c1a5-3183-4619-8774-491e2fd1008a,Zepto,10,7990
2026-01-30,3fa4c1a5-3183-4619-8774-491e2fd1008a,Zepto,10,7990
2026-01-20,07e74fc5-7ecd-43d8-a3a8-6b6cd221026a,Zepto,27,23313
2026-01-07,8c73352d-6fa5-4bb0-862c-32e173ecacc1,Zepto,5,4995
2026-01-02,e4a7998c-9073-45a0-9d8c-a8747e811f06,Zepto,3,1065
2026-01-21,b3813904-2242-465e-b98c-73097e659bae,Zepto,2,3940
2026-01-26,dbe46b05-cccd-4532-96e1-1f046035ed26,Zepto,3,3450
2026-01-19,c2ff7e40-7934-4be9-a386-7fd3df6b8c80,Zepto,2,1796
2026-01-16,e4a7998c-9073-45a0-9d8c-a8747e811f06,Zepto,9,3195
2026-01-24,dbe46b05-cccd-4532-96e1-1f046035ed26,Zepto,2,2300
2026-01-20,8c73352d-6fa5-4bb0-862c-32e173ecacc1,Zepto,4,3996
2026-01-09,4343c39f-d3bd-4310-8f14-12505e74428b,Zepto,1,899
2026-01-25,8c73352d-6fa5-4bb0-862c-32e173ecacc1,Zepto,3,2997
2026-01-28,dbe46b05-cccd-4532-96e1-1f046035ed26,Zepto,5,5750
2026-01-24,566390e5-d7b4-44ab-86da-1778dafb8d73,Zepto,1,899
2026-01-22,566390e5-d7b4-44ab-86da-1778dafb8d73,Zepto,1,899
2026-01-21,dbe46b05-cccd-4532-96e1-1f046035ed26,Zepto,2,2300
2026-01-14,32680322-fb74-4724-90e6-5377faa630a3,Zepto,7,3493
2026-01-15,3fa4c1a5-3183-4619-8774-491e2fd1008a,Zepto,9,7191
2026-01-13,07e74fc5-7ecd-43d8-a3a8-6b6cd221026a,Zepto,18,15822
2026-01-25,dbe46b05-cccd-4532-96e1-1f046035ed26,Zepto,5,5750
2026-01-04,94930f70-e21f-4103-9bf8-9f3330478fa7,Zepto,5,5995
2026-01-23,7e19b7c9-a5d1-4988-b7ff-9f697f6f9179,Zepto,4,4600
2026-01-20,32680322-fb74-4724-90e6-5377faa630a3,Zepto,3,1497
2026-01-12,e4a7998c-9073-45a0-9d8c-a8747e811f06,Zepto,9,3195
2026-01-09,e4a7998c-9073-45a0-9d8c-a8747e811f06,Zepto,9,3195
2026-01-15,e4a7998c-9073-45a0-9d8c-a8747e811f06,Zepto,14,4970
2026-01-17,8c73352d-6fa5-4bb0-862c-32e173ecacc1,Zepto,1,999
2026-01-09,566390e5-d7b4-44ab-86da-1778dafb8d73,Zepto,2,1798
2026-01-07,e4a7998c-9073-45a0-9d8c-a8747e811f06,Zepto,9,3195
2026-01-04,e4a7998c-9073-45a0-9d8c-a8747e811f06,Zepto,11,3905
2026-01-02,94930f70-e21f-4103-9bf8-9f3330478fa7,Zepto,5,5995
2026-01-28,c2ff7e40-7934-4be9-a386-7fd3df6b8c80,Zepto,2,1796
2026-01-09,4f4fc324-38a3-48c7-ac4c-f6cdd0201001,Zepto,3,5910
2026-01-10,9e7b013e-5aff-4eb6-b474-ac94c392e348,Zepto,1,849
2026-01-12,94930f70-e21f-4103-9bf8-9f3330478fa7,Zepto,2,2398
2026-01-05,4f4fc324-38a3-48c7-ac4c-f6cdd0201001,Zepto,1,1970
2026-01-08,3fa4c1a5-3183-4619-8774-491e2fd1008a,Zepto,12,9588
2026-01-24,07e74fc5-7ecd-43d8-a3a8-6b6cd221026a,Zepto,35,29645
2026-01-19,07e74fc5-7ecd-43d8-a3a8-6b6cd221026a,Zepto,21,17934
2026-01-19,94930f70-e21f-4103-9bf8-9f3330478fa7,Zepto,3,3597
2026-01-08,c2ff7e40-7934-4be9-a386-7fd3df6b8c80,Zepto,2,1796
2026-01-29,8c73352d-6fa5-4bb0-862c-32e173ecacc1,Zepto,5,4995
2026-01-18,94930f70-e21f-4103-9bf8-9f3330478fa7,Zepto,3,3597
2026-01-04,c2ff7e40-7934-4be9-a386-7fd3df6b8c80,Zepto,6,5388
2026-01-11,9e7b013e-5aff-4eb6-b474-ac94c392e348,Zepto,1,849
2026-01-02,9e7b013e-5aff-4eb6-b474-ac94c392e348,Zepto,1,849
2026-01-02,8c73352d-6fa5-4bb0-862c-32e173ecacc1,Zepto,5,4995
2026-01-24,c2ff7e40-7934-4be9-a386-7fd3df6b8c80,Zepto,6,5388
2026-01-13,c2ff7e40-7934-4be9-a386-7fd3df6b8c80,Zepto,3,2694
2026-01-05,4343c39f-d3bd-4310-8f14-12505e74428b,Zepto,1,899
2026-01-15,4343c39f-d3bd-4310-8f14-12505e74428b,Zepto,1,899
2026-01-08,4343c39f-d3bd-4310-8f14-12505e74428b,Zepto,1,899
2026-01-22,9e7b013e-5aff-4eb6-b474-ac94c392e348,Zepto,1,849
2026-01-05,c2ff7e40-7934-4be9-a386-7fd3df6b8c80,Zepto,3,2694
2026-01-20,94930f70-e21f-4103-9bf8-9f3330478fa7,Zepto,2,2398
2026-01-06,4343c39f-d3bd-4310-8f14-12505e74428b,Zepto,1,899
2026-01-21,c2ff7e40-7934-4be9-a386-7fd3df6b8c80,Zepto,2,1796
2026-01-19,e4a7998c-9073-45a0-9d8c-a8747e811f06,Zepto,9,3195
2026-01-18,e4a7998c-9073-45a0-9d8c-a8747e811f06,Zepto,27,9585
2026-01-07,07e74fc5-7ecd-43d8-a3a8-6b6cd221026a,Zepto,17,15293
2026-01-07,4343c39f-d3bd-4310-8f14-12505e74428b,Zepto,1,899
2026-01-26,7e19b7c9-a5d1-4988-b7ff-9f697f6f9179,Zepto,16,18400
2026-01-15,9e7b013e-5aff-4eb6-b474-ac94c392e348,Zepto,1,849
2026-01-16,8c73352d-6fa5-4bb0-862c-32e173ecacc1,Zepto,3,2997
2026-01-20,3fa4c1a5-3183-4619-8774-491e2fd1008a,Zepto,19,15181
2026-01-23,566390e5-d7b4-44ab-86da-1778dafb8d73,Zepto,1,899
2026-01-18,3fa4c1a5-3183-4619-8774-491e2fd1008a,Zepto,11,8789
2026-01-01,07e74fc5-7ecd-43d8-a3a8-6b6cd221026a,Zepto,14,12026
2026-01-20,e4a7998c-9073-45a0-9d8c-a8747e811f06,Zepto,11,3905
2026-01-25,07e74fc5-7ecd-43d8-a3a8-6b6cd221026a,Zepto,29,24791
2026-01-30,7e19b7c9-a5d1-4988-b7ff-9f697f6f9179,Zepto,20,23000
2026-01-04,8c73352d-6fa5-4bb0-862c-32e173ecacc1,Zepto,3,2997
2026-01-30,8c73352d-6fa5-4bb0-862c-32e173ecacc1,Zepto,3,2997
2026-01-01,517ff958-edff-405d-aad1-e1da1089243c,Zepto,2,1798
2026-01-13,94930f70-e21f-4103-9bf8-9f3330478fa7,Zepto,2,2398
2026-01-28,32680322-fb74-4724-90e6-5377faa630a3,Zepto,5,2495
2026-01-22,c2ff7e40-7934-4be9-a386-7fd3df6b8c80,Zepto,4,3592
2026-01-26,8c73352d-6fa5-4bb0-862c-32e173ecacc1,Zepto,1,999
2026-01-16,32680322-fb74-4724-90e6-5377faa630a3,Zepto,7,3493
2026-01-25,4343c39f-d3bd-4310-8f14-12505e74428b,Zepto,1,899
2026-01-08,32680322-fb74-4724-90e6-5377faa630a3,Zepto,1,499
2026-01-02,4f4fc324-38a3-48c7-ac4c-f6cdd0201001,Zepto,1,1970
2026-01-31,e4a7998c-9073-45a0-9d8c-a8747e811f06,Zepto,20,7100
2026-01-28,3fa4c1a5-3183-4619-8774-491e2fd1008a,Zepto,9,7191
2026-01-28,e4a7998c-9073-45a0-9d8c-a8747e811f06,Zepto,13,4615
2026-01-17,c2ff7e40-7934-4be9-a386-7fd3df6b8c80,Zepto,8,7184
2026-01-31,4343c39f-d3bd-4310-8f14-12505e74428b,Zepto,2,1798
2026-01-05,9e7b013e-5aff-4eb6-b474-ac94c392e348,Zepto,9,7641
2026-01-08,e4a7998c-9073-45a0-9d8c-a8747e811f06,Zepto,9,3195
2026-01-06,c2ff7e40-7934-4be9-a386-7fd3df6b8c80,Zepto,6,5388
2026-01-03,32680322-fb74-4724-90e6-5377faa630a3,Zepto,4,1996
2026-01-18,8c73352d-6fa5-4bb0-862c-32e173ecacc1,Zepto,4,3996
2026-01-31,c2ff7e40-7934-4be9-a386-7fd3df6b8c80,Zepto,8,7184
2026-01-27,8c73352d-6fa5-4bb0-862c-32e173ecacc1,Zepto,3,2997
2026-01-08,8c73352d-6fa5-4bb0-862c-32e173ecacc1,Zepto,2,1998
2026-01-03,566390e5-d7b4-44ab-86da-1778dafb8d73,Zepto,1,899
2026-01-20,b3813904-2242-465e-b98c-73097e659bae,Zepto,1,1970
2026-01-03,b3813904-2242-465e-b98c-73097e659bae,Zepto,1,1970
2026-01-19,3fa4c1a5-3183-4619-8774-491e2fd1008a,Zepto,12,9588
2026-01-11,94930f70-e21f-4103-9bf8-9f3330478fa7,Zepto,4,4796
2026-01-14,e4a7998c-9073-45a0-9d8c-a8747e811f06,Zepto,17,6035
2026-01-24,e4a7998c-9073-45a0-9d8c-a8747e811f06,Zepto,14,4970
2026-01-16,3fa4c1a5-3183-4619-8774-491e2fd1008a,Zepto,12,9588
2026-01-13,8c73352d-6fa5-4bb0-862c-32e173ecacc1,Zepto,2,1998
2026-01-31,dbe46b05-cccd-4532-96e1-1f046035ed26,Zepto,12,13800
2026-01-07,9e7b013e-5aff-4eb6-b474-ac94c392e348,Zepto,7,5943
2026-01-24,b3813904-2242-465e-b98c-73097e659bae,Zepto,1,1970
2026-01-02,07e74fc5-7ecd-43d8-a3a8-6b6cd221026a,Zepto,27,23628
2026-01-24,94930f70-e21f-4103-9bf8-9f3330478fa7,Zepto,6,7194
2026-01-04,9e7b013e-5aff-4eb6-b474-ac94c392e348,Zepto,4,3396
2026-01-12,8c73352d-6fa5-4bb0-862c-32e173ecacc1,Zepto,3,2997
2026-01-15,c2ff7e40-7934-4be9-a386-7fd3df6b8c80,Zepto,5,4490
2026-01-25,9e7b013e-5aff-4eb6-b474-ac94c392e348,Zepto,1,849
2026-01-07,566390e5-d7b4-44ab-86da-1778dafb8d73,Zepto,3,2697
2026-01-25,b3813904-2242-465e-b98c-73097e659bae,Zepto,1,1970
2026-01-07,c2ff7e40-7934-4be9-a386-7fd3df6b8c80,Zepto,4,3592
2026-01-08,94930f70-e21f-4103-9bf8-9f3330478fa7,Zepto,4,4796
2026-01-29,3fa4c1a5-3183-4619-8774-491e2fd1008a,Zepto,17,13583
2026-01-22,8c73352d-6fa5-4bb0-862c-32e173ecacc1,Zepto,6,5994
2026-01-29,32680322-fb74-4724-90e6-5377faa630a3,Zepto,5,2495
2026-01-10,3fa4c1a5-3183-4619-8774-491e2fd1008a,Zepto,24,19176
2026-01-12,32680322-fb74-4724-90e6-5377faa630a3,Zepto,6,2994
2026-01-25,3fa4c1a5-3183-4619-8774-491e2fd1008a,Zepto,17,13583
2026-01-18,07e74fc5-7ecd-43d8-a3a8-6b6cd221026a,Zepto,29,24896
2026-01-06,8c73352d-6fa5-4bb0-862c-32e173ecacc1,Zepto,1,999
2026-01-06,e4a7998c-9073-45a0-9d8c-a8747e811f06,Zepto,3,1065
2026-01-25,c2ff7e40-7934-4be9-a386-7fd3df6b8c80,Zepto,3,2694
2026-01-27,7e19b7c9-a5d1-4988-b7ff-9f697f6f9179,Zepto,4,4600
2026-01-28,9e7b013e-5aff-4eb6-b474-ac94c392e348,Zepto,3,2547
2026-01-12,b3813904-2242-465e-b98c-73097e659bae,Zepto,1,1970
2026-01-05,94930f70-e21f-4103-9bf8-9f3330478fa7,Zepto,3,3597
2026-01-09,b3813904-2242-465e-b98c-73097e659bae,Zepto,1,1970
2026-01-22,4f4fc324-38a3-48c7-ac4c-f6cdd0201001,Zepto,1,1970
2026-01-30,07e74fc5-7ecd-43d8-a3a8-6b6cd221026a,Zepto,45,38295
2026-01-30,9e7b013e-5aff-4eb6-b474-ac94c392e348,Zepto,23,19527
2026-01-11,07e74fc5-7ecd-43d8-a3a8-6b6cd221026a,Zepto,41,35759
2026-01-28,7e19b7c9-a5d1-4988-b7ff-9f697f6f9179,Zepto,12,13800
2026-01-14,4f4fc324-38a3-48c7-ac4c-f6cdd0201001,Zepto,1,1970
2026-01-16,9e7b013e-5aff-4eb6-b474-ac94c392e348,Zepto,1,849
2026-01-14,3fa4c1a5-3183-4619-8774-491e2fd1008a,Zepto,8,6392
2026-01-15,32680322-fb74-4724-90e6-5377faa630a3,Zepto,3,1497
2026-01-21,94930f70-e21f-4103-9bf8-9f3330478fa7,Zepto,2,2398
2026-01-04,32680322-fb74-4724-90e6-5377faa630a3,Zepto,5,2495
2026-01-06,07e74fc5-7ecd-43d8-a3a8-6b6cd221026a,Zepto,26,22889
2026-01-09,32680322-fb74-4724-90e6-5377faa630a3,Zepto,7,3493
2026-01-02,32680322-fb74-4724-90e6-5377faa630a3,Zepto,4,1996
2026-01-20,c2ff7e40-7934-4be9-a386-7fd3df6b8c80,Zepto,4,3592
2026-01-17,566390e5-d7b4-44ab-86da-1778dafb8d73,Zepto,1,899
2026-01-26,9e7b013e-5aff-4eb6-b474-ac94c392e348,Zepto,2,1698
2026-01-30,dbe46b05-cccd-4532-96e1-1f046035ed26,Zepto,12,13800
2026-01-11,36659830,Myntra,5,4500
2026-01-13,36921822,Myntra,3,5240
2026-01-13,36659835,Myntra,1,1970
2026-01-26,36658981,Myntra,8,9590
2026-01-27,36658981,Myntra,6,7190
2026-01-26,38249058,Myntra,9,10400
2026-01-23,38223073,Myntra,2,2300
2026-01-26,37736866,Myntra,11,11000
2026-01-21,36658981,Myntra,4,4800
2026-01-24,36659831,Myntra,3,2700
2026-01-27,36659822,Myntra,4,3200
2026-01-24,36921823,Myntra,1,2150
2026-01-16,37736866,Myntra,4,4000
2026-01-04,36660215,Myntra,19,38000
2026-01-27,36921822,Myntra,1,1750
2026-01-16,36659835,Myntra,1,1970
2026-01-22,36659825,Myntra,19,17100
2026-01-02,36659822,Myntra,5,4000
2026-01-20,36659836,Myntra,1,1600
2026-01-21,36660216,Myntra,10,9490
2026-01-05,36659825,Myntra,1,899
2026-01-08,37206948,Myntra,6,2170
2026-01-06,37206948,Myntra,3,1150
2026-01-26,38223073,Myntra,7,8050
2026-01-10,37206948,Myntra,1,355
2026-01-17,36658981,Myntra,10,12000
2026-01-14,36659822,Myntra,28,22400
2026-01-02,36659831,Myntra,2,1800
2026-01-17,36659831,Myntra,7,6290
2026-01-13,36660216,Myntra,27,25600
2026-01-06,36659830,Myntra,4,3600
2026-01-15,36659825,Myntra,15,13500
2026-01-19,36659822,Myntra,4,3200
2026-01-12,37736866,Myntra,5,5000
2026-01-29,37736866,Myntra,3,3000
2026-01-11,36921823,Myntra,3,6440
2026-01-03,37736866,Myntra,1,999
2026-01-29,36659822,Myntra,7,5590
2026-01-22,36659831,Myntra,2,1800
2026-01-18,38249058,Myntra,2,2300
2026-01-22,36660215,Myntra,12,24000
2026-01-10,37736866,Myntra,5,5000
2026-01-08,36921823,Myntra,1,2150
2026-01-30,36921822,Myntra,1,1750
2026-01-11,36659825,Myntra,27,24300
2026-01-24,36921822,Myntra,1,1750
2026-01-01,36659831,Myntra,3,2700
2026-01-02,36660215,Myntra,13,26000
2026-01-29,36660215,Myntra,4,7550
2026-01-24,37736866,Myntra,2,2000
2026-01-03,36658981,Myntra,4,4800
2026-01-19,37736866,Myntra,2,2000
2026-01-09,36658981,Myntra,12,14400
2026-01-22,38249058,Myntra,1,1150
2026-01-12,36659831,Myntra,2,1800
2026-01-14,36658981,Myntra,7,8390
2026-01-27,38223073,Myntra,1,1150
2026-01-26,36660215,Myntra,24,48000
2026-01-10,36659836,Myntra,2,3200
2026-01-05,36659835,Myntra,1,1970
2026-01-12,36921823,Myntra,1,2150
2026-01-23,37206948,Myntra,1,399
2026-01-03,36660216,Myntra,20,19000
2026-01-12,36660216,Myntra,15,14200
2026-01-11,36659822,Myntra,33,26400
2026-01-17,36660215,Myntra,21,42000
2026-01-28,36660216,Myntra,10,9490
2026-01-27,37736866,Myntra,1,999
2026-01-01,37206948,Myntra,12,4440
2026-01-06,36659822,Myntra,7,5590
2026-01-19,36659825,Myntra,6,5390
2026-01-08,36921822,Myntra,2,3500
2026-01-25,38249058,Myntra,4,4600
2026-01-15,36660216,Myntra,25,23700
2026-01-13,36660215,Myntra,17,34000
2026-01-31,38249058,Myntra,3,3450
2026-01-07,36660215,Myntra,10,20000
2026-01-24,38249058,Myntra,4,4600
2026-01-12,36658981,Myntra,8,9590
2026-01-16,36921822,Myntra,1,1750
2026-01-23,36660216,Myntra,20,19000
2026-01-08,36659830,Myntra,4,3600
2026-01-25,36660215,Myntra,14,28000
2026-01-24,36659825,Myntra,9,8090
2026-01-02,37736866,Myntra,2,2000
2026-01-05,36659822,Myntra,5,4000
2026-01-28,38249058,Myntra,3,3450
2026-01-15,36659830,Myntra,5,4500
2026-01-31,36659822,Myntra,11,8790
2026-01-20,36659830,Myntra,1,899
2026-01-21,36659836,Myntra,2,3200
2026-01-18,37736866,Myntra,3,3000
2026-01-20,37736866,Myntra,4,4000
2026-01-13,36659825,Myntra,7,6390
2026-01-13,36658981,Myntra,1,1200
2026-01-20,36659822,Myntra,3,2400
2026-01-26,36660216,Myntra,18,17100
2026-01-21,37736866,Myntra,2,2000
2026-01-12,36659825,Myntra,10,8990
2026-01-17,38249058,Myntra,3,3450
2026-01-03,36659822,Myntra,12,9590
2026-01-02,36659825,Myntra,4,3600
2026-01-28,36660215,Myntra,12,21600
2026-01-30,36660216,Myntra,24,22800
2026-01-17,38223073,Myntra,1,1150
2026-01-29,36658981,Myntra,6,7190
2026-01-01,36921823,Myntra,1,2150
2026-01-14,36660215,Myntra,20,40000
2026-01-31,36659825,Myntra,2,1800
2026-01-12,36659835,Myntra,1,1970
2026-01-21,38249058,Myntra,3,3450
2026-01-28,36659831,Myntra,3,2700
2026-01-24,36659822,Myntra,18,14400
2026-01-20,38249058,Myntra,1,1150
2026-01-10,36660215,Myntra,26,52000
2026-01-26,36659822,Myntra,20,16000
2026-01-16,36659830,Myntra,3,2700
2026-01-06,37736866,Myntra,4,4000
2026-01-13,36659831,Myntra,2,1800
2026-01-23,36659825,Myntra,9,8090
2026-01-23,37736866,Myntra,5,5000
2026-01-29,36659835,Myntra,2,3940
2026-01-23,38249058,Myntra,3,3450
2026-01-14,36921823,Myntra,2,4300
2026-01-02,37206948,Myntra,13,4880
2026-01-24,36658981,Myntra,9,10800
2026-01-28,38223073,Myntra,2,2300
2026-01-04,37736866,Myntra,3,3000
2026-01-10,36659822,Myntra,32,25600
2026-01-24,38223073,Myntra,2,2300
2026-01-23,36660215,Myntra,15,30000
2026-01-16,36659831,Myntra,5,4500
2026-01-01,36659835,Myntra,1,1970
2026-01-30,36659835,Myntra,2,3940
2026-01-08,36658981,Myntra,7,8390
2026-01-18,36659822,Myntra,12,9590
2026-01-03,36659831,Myntra,2,1800
2026-01-25,36659822,Myntra,10,7990
2026-01-04,36659825,Myntra,6,5390
2026-01-21,36660215,Myntra,4,8000
2026-01-01,36659830,Myntra,2,1800
2026-01-04,36658981,Myntra,8,9590
2026-01-11,36660215,Myntra,23,46000
2026-01-20,36659825,Myntra,2,1800
2026-01-09,36659831,Myntra,3,2700
2026-01-24,36659835,Myntra,1,1970
2026-01-17,36659822,Myntra,22,17600
2026-01-30,36658981,Myntra,7,8390
2026-01-15,36659831,Myntra,3,2700
2026-01-17,36921822,Myntra,1,1750
2026-01-10,36659831,Myntra,13,11700
2026-01-17,36659830,Myntra,1,899
2026-01-25,36660216,Myntra,20,19000
2026-01-06,36921823,Myntra,2,4300
2026-01-04,36921822,Myntra,2,3500
2026-01-11,36658981,Myntra,9,10800
2026-01-01,36660216,Myntra,16,15200
2026-01-20,36659835,Myntra,1,1970
2026-01-09,36659830,Myntra,6,5390
2026-01-10,36658981,Myntra,8,9590
2026-01-02,36921823,Myntra,2,4300
2026-01-14,37206948,Myntra,6,2130
2026-01-20,36659831,Myntra,1,899
2026-01-30,37736866,Myntra,1,999
2026-01-30,36659830,Myntra,1,899
2026-01-31,36660215,Myntra,18,32400
2026-01-01,36658981,Myntra,6,7190
2026-01-06,36921822,Myntra,3,5240
2026-01-12,36660215,Myntra,6,12000
2026-01-07,36658981,Myntra,6,7190
2026-01-26,36659831,Myntra,3,2700
2026-01-15,37206948,Myntra,6,2130
2026-01-16,36659836,Myntra,1,1600
2026-01-04,37206948,Myntra,23,8300
2026-01-22,36921822,Myntra,3,5240
2026-01-12,36659822,Myntra,8,6390
2026-01-30,36659822,Myntra,11,8790
2026-01-18,36659830,Myntra,5,4500
2026-01-01,36659825,Myntra,4,3600
2026-01-02,36660216,Myntra,22,20900
2026-01-06,36659831,Myntra,3,2700
2026-01-21,37206948,Myntra,2,710
2026-01-28,36658981,Myntra,6,7190
2026-01-06,36659825,Myntra,4,3600
2026-01-19,36659836,Myntra,1,1600
2026-01-27,36660216,Myntra,21,19900
2026-01-18,36658981,Myntra,9,10800
2026-01-05,36658981,Myntra,5,6000
2026-01-01,36659836,Myntra,1,1600
2026-01-16,37206948,Myntra,1,399
2026-01-22,36658981,Myntra,7,8390
2026-01-09,36921823,Myntra,1,2150
2026-01-11,36659831,Myntra,6,5390
2026-01-02,36659836,Myntra,1,1600
2026-01-05,36660215,Myntra,9,18000
2026-01-29,36660216,Myntra,16,15200
2026-01-08,36659825,Myntra,11,9890
2026-01-16,38249058,Myntra,2,2300
2026-01-22,37736866,Myntra,4,4000
2026-01-07,36659822,Myntra,4,3200
2026-01-17,36660216,Myntra,22,20900
2026-01-16,36659822,Myntra,30,24000
2026-01-13,38223073,Myntra,1,1150
2026-01-12,36659830,Myntra,3,2700
2026-01-28,36659822,Myntra,7,5590
2026-01-18,38223073,Myntra,1,1150
2026-01-29,36659825,Myntra,3,2700
2026-01-07,36659831,Myntra,3,2700
2026-01-28,36659825,Myntra,3,2700
2026-01-27,38249058,Myntra,1,1150
2026-01-13,36659822,Myntra,6,4790
2026-01-22,36660216,Myntra,13,12300
2026-01-20,36660215,Myntra,12,24000
2026-01-18,36659836,Myntra,1,1600
2026-01-15,36660215,Myntra,23,46000
2026-01-09,36659822,Myntra,41,32800
2026-01-14,36659825,Myntra,14,12600
2026-01-19,38223073,Myntra,1,1150
2026-01-19,36659831,Myntra,2,1800
2026-01-09,36660216,Myntra,34,32300
2026-01-09,36660215,Myntra,20,40000
2026-01-14,36659831,Myntra,8,7190
2026-01-04,36659830,Myntra,1,899
2026-01-09,36659825,Myntra,18,16200
2026-01-13,36921823,Myntra,3,6440
2026-01-05,36659831,Myntra,1,899
2026-01-13,36659830,Myntra,1,899
2026-01-14,36660216,Myntra,19,18000
2026-01-31,36660216,Myntra,23,21800
2026-01-26,36659835,Myntra,2,3940
2026-01-10,36921823,Myntra,3,6440
2026-01-31,36658981,Myntra,2,2400
2026-01-29,36659831,Myntra,2,1800
2026-01-03,36659825,Myntra,8,7190
2026-01-02,36659830,Myntra,3,2700
2026-01-10,36659825,Myntra,20,18000
2026-01-14,36659835,Myntra,1,1970
2026-01-31,36659836,Myntra,2,3200
2026-01-11,37736866,Myntra,2,2000
2026-01-09,37736866,Myntra,4,4000
2026-01-04,36660216,Myntra,22,20900
2026-01-13,37736866,Myntra,5,5000
2026-01-28,36659830,Myntra,1,899
2026-01-18,36660216,Myntra,37,35100
2026-01-26,36659830,Myntra,2,1800
2026-01-25,37736866,Myntra,7,6990
2026-01-30,38223073,Myntra,1,1150
2026-01-21,36659825,Myntra,6,5390
2026-01-11,36660216,Myntra,19,18000
2026-01-21,36659822,Myntra,5,4000
2026-01-11,36659836,Myntra,3,4800
2026-01-05,36921822,Myntra,1,1750
2026-01-16,36660216,Myntra,27,25600
2026-01-14,36659830,Myntra,5,4500
2026-01-04,36659836,Myntra,1,1600
2026-01-08,36659822,Myntra,12,9590
2026-01-07,36659830,Myntra,3,2700
2026-01-22,36659836,Myntra,3,4800
2026-01-14,36659836,Myntra,3,4800
2026-01-27,36659831,Myntra,3,2700
2026-01-01,36921822,Myntra,2,3500
2026-01-23,36659822,Myntra,15,12000
2026-01-09,36659835,Myntra,1,1970
2026-01-19,36659830,Myntra,1,899
2026-01-17,36659825,Myntra,13,11700
2026-01-06,36660216,Myntra,20,19000
2026-01-18,36659831,Myntra,8,7190
2026-01-16,36659825,Myntra,12,10800
2026-01-05,36659836,Myntra,1,1600
2026-01-27,36659835,Myntra,1,1970
2026-01-27,36659825,Myntra,2,1800
2026-01-25,36659831,Myntra,3,2700
2026-01-09,36659836,Myntra,2,3200
2026-01-11,37206948,Myntra,1,355
2026-01-21,36659830,Myntra,1,899
2026-01-23,36658981,Myntra,12,14400
2026-01-05,36659830,Myntra,4,3600
2026-01-25,36659835,Myntra,1,1970
2026-01-13,37206948,Myntra,5,1780
2026-01-08,36660216,Myntra,22,20900
2026-01-11,36921822,Myntra,3,5240
2026-01-24,36660216,Myntra,19,18000
2026-01-31,36659835,Myntra,3,5910
2026-01-29,38249058,Myntra,3,3450
2026-01-07,36660216,Myntra,25,23700
2026-01-17,37736866,Myntra,4,4000
2026-01-15,36659822,Myntra,28,22400
2026-01-19,36660215,Myntra,2,4000
2026-01-07,36921822,Myntra,1,1750
2026-01-01,36659822,Myntra,11,8790
2026-01-28,37736866,Myntra,3,3000
2026-01-30,38249058,Myntra,2,2300
2026-01-23,36659831,Myntra,3,2700
2026-01-31,37736866,Myntra,1,999
2026-01-20,36660216,Myntra,9,8540
2026-01-15,36658981,Myntra,3,3600
2026-01-28,36921822,Myntra,2,3500
2026-01-06,36660215,Myntra,8,16000
2026-01-10,36659835,Myntra,3,5910
2026-01-14,37736866,Myntra,5,5000
2026-01-30,36921823,Myntra,1,2150
2026-01-25,36659825,Myntra,3,2700
2026-01-04,36659822,Myntra,6,4790
2026-01-07,36921823,Myntra,2,4300
2026-01-01,36660215,Myntra,6,12000
2026-01-07,37736866,Myntra,2,2000
2026-01-19,38249058,Myntra,4,4600
2026-01-31,36659831,Myntra,1,899
2026-01-19,36660216,Myntra,13,12300
2026-01-19,36658981,Myntra,3,3600
2026-01-23,36921822,Myntra,1,1750
2026-01-25,36921822,Myntra,1,1750
2026-01-06,36658981,Myntra,6,7190
2026-01-02,36658981,Myntra,9,10800
2026-01-24,36660215,Myntra,21,42000
2026-01-10,36659830,Myntra,8,7190
2026-01-22,36659822,Myntra,23,18400
2026-01-03,36660215,Myntra,11,22000
2026-01-17,36921823,Myntra,3,6440
2026-01-16,36658981,Myntra,10,12000
2026-01-05,36660216,Myntra,18,17100
2026-01-15,37736866,Myntra,4,4000
2026-01-08,36660215,Myntra,10,20000
2026-01-07,36659825,Myntra,9,8090
2026-01-03,37206948,Myntra,8,3060
2026-01-27,36660215,Myntra,8,14700
2026-01-18,36659825,Myntra,11,9890
2026-01-18,36660215,Myntra,18,36000
2026-01-04,36921823,Myntra,1,2150
2026-01-29,38223073,Myntra,2,2300
2026-01-10,36660216,Myntra,25,23700
2026-01-25,36658981,Myntra,7,8390
2026-01-16,36660215,Myntra,22,44000
2026-01-03,36921823,Myntra,2,4300
2026-01-09,37206948,Myntra,1,355
2026-01-31,38223073,Myntra,1,1150
2026-01-20,36658981,Myntra,7,8390
